,,,,,,,,,,,,,,,,,,,,,,,,,,,,,,,,,,,,,,,,,,,,,,,,,,,,,,,,,,,,,,,,,,,,,,,,,,,,,,,,,,,,,,,,,,,,,,
,,,,,,,,,,,,,,,,,,,,,,,,,,,,,,,,,,,,,,,,,,,,,,,,,,,,,,,,,,,,,,,,,,,,,,,,,,,,,,,,,,,,,,,,,,,,,,
,,INPUTS,,,,,,,,,,,,,,,,,,,,,,,,,,,,,,,,,,,,,,,,,,,,,,,,,,,,,,,,,,,,0.75,,,,,,,290,,,,,0.8,,,,,,,,,,,,,,,,,,,,
,,Tier,14,,,,,,,,,,,,,,,,,,,,,,,,,,,,,,,,,,,,,,,,,,,,,,,,,,,,,,,,,,,,,,,,,,,,,,,,,,,,,,,,,,,,,,,,,,,
,,,,,,,,,,,,,,,,,,,,,,,,,,,,,,,,,,,,,,,,,,,,,,,,,,,,,,,,,,,,,,,,,,,,,,,,,,,,,,,,,,,,,,,,,,,,,,
,,Modules,,Farming,,Hits to Kill,TTK,Heat Up,PC Uptime,CF Uptime,,,,,,,,,,,,,,,,,,,,,,,,,,,,,Wave,,,,,HP @ Kill,,,, ? Stats ?,Final Stats,,,,, ? Boss Damage ?,Full Boss Dmg (18s),,,,,, ? In Round ?,In Round,,,,,,,, ? Perks ?,Perks,,,,,,,,,Stats/Formulas,Calculations,,,,,,,,,,,,,
,,Cannon,,DP,,,,,,,,,,,,,,,,Effect,Substat,,,,,,,,,,,,,,,,,,Wave,Awave,x,Regen %,Upgrade,Best,Avg,Worst,Hit %,,Wave Dmg,Wall HP,Health,Regen,WRegen,,@ Max DR,,@ Avg DR,,@ Min DR,,,Free Ups,DW Mult,Def Buy,EALS Buy,Health Lvl,WHealth Lvl,Regen Lvl,EALS Lvl,,#,Best (AVG),E Dmg,Def %,Health,Regen,BH Dur,CF Dur,,,EALS Base,EALS,Counter,BH Uptime,CF Uptime,Def%,Max DR,Avg DR,Min DR,Health,,Health Regen,WHealth WS,WFort
,,Generator,,PH,,,,,0.7608695652173914,0.7833333333333333,,,,,,,,WHealth,,2,0.9,,,,,,,,,,,,,,,,,,1,1,1,0.4335142469470828,rgn,1,1,1,0.000003877356512890094,,882.66 M,58.96 T,638.5 B,337.82 B,1.42 T,,26.67 M,0.0000040710651289009496,70.54 M,0.00001076763907734057,268.81 M,0.00004103273405698779,,0,1.01,0,,5700,1340,5900,290,,,E.dmg -55%,0,0,1,1,35,47,,,0.29526,0.29526,0,0.7608695652173914,0.7833333333333333,0.7410000000000001,0.9743072,0.9320374308264208,0.7410000000000001,3722038992.18371,,7596350475.79444,1.54,92.33856
,,Armour,,SF,6.99,9,18,1.175866145615235,,,,,,,,,,WRegen,,2,2,,,,,,,,,,,,,,,,,,10,8,1,0.3971410814170292,rgn,1,1,1,0.00001255562461155997,,3.12 B,64.36 T,696.77 B,338.81 B,1.42 T,,94.26 M,0.000013181168427594779,249.33 M,0.00003486591050341827,950.19 M,0.0001328730577998757,,7,1.1,0,30,5701,1341,5901,324,,,#REF!,0,0,1,1,35,47,,,0.3141300000000001,0.3141300000000001,0.8271700000000006,0.7608695652173914,0.7833333333333333,0.7410000000000001,0.9743072,0.9320374308264208,0.7410000000000001,3729401360.93221,,7618590221.4724,1.541,92.366712
,,Core,,PC,,,,,,,,,,,,,,Def%,,,0.06,,,,,,,,,,,,,,,,,,20,14,1,0.3657808725309081,rgn,1,1,1,0.000027309648998152612,,7.42 B,70.37 T,761.62 B,339.8 B,1.43 T,,224.17 M,0.000028670314054284496,592.97 M,0.00007583814125337502,2.26 B,0.00028904362654540286,,7,1.2,0,7,5702,1342,5902,335,,,#REF!,0,0,1,1,35,47,,,0.32023500000000005,0.32023500000000005,0.029520000000001545,0.7608695652173914,0.7833333333333333,0.7410000000000001,0.9743072,0.9320374308264208,0.7410000000000001,3736777770.20416,,7640893353.39822,1.542,92.39486400000001
,,,,,,,,,,,,,,,Perk Plan,,,,,,,,,,,,,E Dmg,Def %,Health,Regen,BH,CF,,,,,,30,21,1,0.3384695743013842,rgn,1,1,1,0.00005215173674588664,,15.42 B,76.58 T,828.35 B,341.8 B,1.44 T,,465.86 M,0.00005474980412640376,1.23 B,0.0001445547140245495,4.7 B,0.00055236354139462,,8,1.3,0,5,5704,1344,5904,344,,,#REF!,0,0,1,1,35,47,,,0.3252300000000001,0.3252300000000001,0.2818200000000024,0.7608695652173914,0.7833333333333333,0.7410000000000001,0.9743072,0.9320374308264208,0.7410000000000001,3751574477.11574,,7685694415.45331,1.544,92.45116800000001
,,Other Dmg,,0.05,,,,,,,,,,,Perk,,Wave,PWR,E Dmg,Def %,Health,Regen,Regen TO,Coin TO,BH +12s,CF +5s,Other,0,0,1,1,35,47,1,,,,,40,28,1,0.3197532177427933,rgn,1,1,1,0.00006427475800446759,,23.33 B,94.01 T,986.54 B,396.69 B,1.67 T,,704.83 M,0.0000674765450483991,1.86 B,0.0001780661631741304,7.11 B,0.000680672268907563,,7,1.4,100,3,5755,1445,5955,351,,,#REF!,0,0,1,1,35,47,,,0.3291150000000001,0.3291150000000001,0.5729700000000033,0.7608695652173914,0.7833333333333333,0.7410000000000001,0.9743072,0.9320374308264208,0.7410000000000001,4148863445.60902,,8920107602.18491,1.645,95.29452000000002
,,BH CD,,46,,,,,,,,,,,1,#REF!,187,,,,,,,,,,,0,0,1,1,35,47,190,,,,,50,35,1,0.30294302943029433,rgn,1,1,1,0.00008608469084690843,,36.93 B,111.11 T,1.14 T,444.48 B,1.87 T,,1.12 B,0.00009072090720907209,2.95 B,0.00023895238952389525,11.25 B,0.0009112591125911259,,8,1.5,75,2,5794,1522,5994,357,,,#REF!,0,0,1,1,35,47,,,0.332445,0.332445,0.897420000000003,0.7608695652173914,0.7833333333333333,0.7410000000000001,0.9743072,0.9320374308264208,0.7410000000000001,4480185007.1427,,9994566005.62209,1.722,97.462224
,,CF CD,,60,,,,,,,,,,,2,#REF!,374,,,,,,,,,,,0,0,1,1,35,47,400,,,,,60,41,1,0.27016352002527844,rgn,1,1,1,0.00011093277510071881,,54.22 B,126.59 T,1.28 T,452.32 B,1.9 T,,1.64 B,0.00011659688758985702,4.33 B,0.0003078442215024883,16.51 B,0.0011737893988466705,,7,1.6,50,,5820,1573,6000,361,,,#REF!,0,0,1,1,35,47,,,0.33466500000000005,0.33466500000000005,0.24407000000000334,0.7608695652173914,0.7833333333333333,0.7410000000000001,0.9743072,0.9320374308264208,0.7410000000000001,4715314989.363,,10170855374.9115,1.773,98.897976
,,,,,,,,,,,,,,,3,#REF!,561,,,,,,,,,,,0,0,1,1,35,47,600,,,,,70,48,1,0.2383109190997143,rgn,1,1,1,0.0001302489721970594,,72.17 B,143.51 T,1.44 T,452.32 B,1.9 T,,2.18 B,0.00013671521148352032,5.77 B,0.00036185631663298727,21.98 B,0.001378440526792558,,8,1.7,25,,5847,1600,6000,365,,,#REF!,0,0,1,1,35,47,,,0.33688500000000005,0.33688500000000005,0.6129200000000039,0.7608695652173914,0.7833333333333333,0.7410000000000001,0.9743072,0.9320374308264208,0.7410000000000001,4972272435.43396,,10170855374.9115,1.8,99.65808000000001
,,Battle Conditions,,,,,,,,,,,,,4,#REF!,748,,,,,,,,,,,0,0,1,1,35,47,750,,,,,80,54,1,0.22071636011616652,rgn,1,1,1,0.0001597292029686995,,95.56 B,154.95 T,1.55 T,452.32 B,1.9 T,,2.89 B,0.00016786060019361083,7.64 B,0.00044375605033881895,29.1 B,0.0016902226524685383,,7,1.8,10,,5858,1611,6000,369,,,#REF!,0,0,1,1,35,47,,,0.33910500000000005,0.33910500000000005,0.003970000000004248,0.7608695652173914,0.7833333333333333,0.7410000000000001,0.9743072,0.9320374308264208,0.7410000000000001,5080846888.09858,,10170855374.9115,1.811,99.967752
,,Plasma Cannon,,0.8,0.43200000000000005,,,,,,,,,,5,#REF!,935,,,,,,,,,,,0,0,1,1,35,47,950,,,,,90,61,1,0.2029553142246751,rgn,1,1,1,0.00019152566613257367,,124.61 B,168.51 T,1.68 T,452.32 B,1.9 T,,3.76 B,0.0002008189424959943,9.96 B,0.0005319565604415169,37.95 B,0.0020268826775859,,8,1.9,10,,5870,1623,6000,373,,,#REF!,0,0,1,1,35,47,,,0.34132500000000005,0.34132500000000005,0.4172200000000048,0.7608695652173914,0.7833333333333333,0.7410000000000001,0.9743072,0.9320374308264208,0.7410000000000001,5201939848.49998,,10170855374.9115,1.823,100.30557600000002
,,Thorns,,0.8,0.052000000000000005,,,,,,,,,,6,PWR,1122,,,,,,,,,,,0,0,1,1,35,47,1250,,,,,100,68,1,0.18779858327384547,rgn,1,1,0.9854412168469606,0.00022274767997364223,,156.62 B,182.11 T,1.81 T,452.32 B,1.9 T,,4.73 B,0.0002337598154961287,12.52 B,0.000618746911207512,47.7 B,0.00235736642688485,,7,2,10,,5881,1634,6000,377,,,#REF!,0,0,1,1,35,47,,,0.34354500000000004,0.34354500000000004,0.8526700000000051,0.7608695652173914,0.7833333333333333,0.7410000000000001,0.9743072,0.9320374308264208,0.7410000000000001,5315422997.89041,,10170855374.9115,1.834,100.61524800000001
,,EALS Reduction,,,,,,,,,,,,,7,PWR,1309,,,,,,,,,,,0,0,1,1,35,47,1500,,,,,110,74,1,0.17462343630329333,rgn,1,1,0.9719006893030381,0.000257267602757212,,194.54 B,195.85 T,1.94 T,452.32 B,1.9 T,,5.88 B,0.00027020679091141177,15.55 B,0.000714577482767424,59.25 B,0.0027227470002552973,,8,2.1,10,,5893,1646,6000,381,,,#REF!,0,0,1,1,35,47,,,0.34576500000000004,0.34576500000000004,0.31032000000000615,0.7608695652173914,0.7833333333333333,0.7410000000000001,0.9743072,0.9320374308264208,0.7410000000000001,5441988210.72904,,10170855374.9115,1.846,100.953072
,,,,0.025,,,,,,,,,,,8,PWR,1496,,,,,,,,,,,0,0,1,1,35,47,1500,,,,,120,81,1,0.16237003275886625,rgn,1,1,0.9592589374732944,0.0002939956796277832,,239.09 B,210.63 T,2.08 T,452.32 B,1.9 T,,7.22 B,0.0003085030622418459,19.11 B,0.0008165503489531406,72.81 B,0.003111095285571856,,7,2.2,10,,5904,1657,6000,385,,,#REF!,0,0,1,1,35,47,,,0.34798500000000004,0.34798500000000004,0.7901700000000065,0.7608695652173914,0.7833333333333333,0.7410000000000001,0.9743072,0.9320374308264208,0.7410000000000001,5560597149.85789,,10170855374.9115,1.857,101.26274400000001
,,,,,,,,,,,,,,,9,PWR,1683,,,,,,,,,,,0,0,1,1,35,47,1500,,,,,130,87,1,0.15162935047661275,rgn,1,1,0.9481726003103526,0.0003266465972068276,,284.46 B,225.55 T,2.22 T,452.32 B,1.9 T,,8.59 B,0.0003427621369984482,22.73 B,0.0009069829306140545,86.63 B,0.0034567501662602527,,8,2.3,10,,5916,1669,6000,389,,,#REF!,0,0,1,1,35,47,,,0.35020500000000004,0.35020500000000004,0.2922200000000075,0.7608695652173914,0.7833333333333333,0.7410000000000001,0.9743072,0.9320374308264208,0.7410000000000001,5692877573.96336,,10170855374.9115,1.869,101.60056800000001
,,PC Dmg,,0.43200000000000005,0.43200000000000005,,,,,,,,,,10,PWR,1870,,,,,,,,,,,0,0,1,1,35,47,1500,,,,,140,94,1,0.1415973171034654,rgn,1,1,0.9374608123214508,0.0003908537655777749,,364.49 B,241.53 T,2.37 T,452.32 B,1.9 T,,11.01 B,0.0004102595950813564,29.13 B,0.0010854552229536704,111.01 B,0.004136504782014656,,7,2.4,10,,5927,1680,6000,393,,,#REF!,0,0,1,1,35,47,,,0.35242500000000004,0.35242500000000004,0.8164700000000078,0.7608695652173914,0.7833333333333333,0.7410000000000001,0.9743072,0.9320374308264208,0.7410000000000001,5816839801.1468,,10170855374.9115,1.88,101.91024
,,Other Dmg,,0.05,0.05,,,,,,,,,,11,PWR,2057,,,,,,,,,,,0,0,1,1,35,47,1500,,,,,150,100,1,0.13220456917546097,rgn,1,1,0.9278129421315088,0.0004149867022304687,,414.49 B,258.69 T,2.53 T,452.32 B,1.9 T,,12.52 B,0.00043557926475704513,33.12 B,0.0011522671923924386,126.23 B,0.004391627043952221,,8,2.5,10,,5939,1692,6000,397,,,#REF!,0,0,1,1,35,47,,,0.35464500000000004,0.35464500000000004,0.3629200000000079,0.7608695652173914,0.7833333333333333,0.7410000000000001,0.9743072,0.9320374308264208,0.7410000000000001,5955088867.06737,,10170855374.9115,1.892,102.248064
,,Electron Dmg,,0,0.08,,,,,,,,,,12,PWR,2244,,,,,,,,,,,0,0,1,1,35,47,1500,,,,,160,107,1,0.12396694214876033,rgn,1,1,0.9180882992605481,0.0005554962302450338,,591.7 B,275.88 T,2.69 T,452.32 B,1.9 T,,17.88 B,0.0005832970856894301,47.29 B,0.0015427359721618095,180.2 B,0.005878642888212266,,7,2.6,10,,5950,1703,6000,401,,,#REF!,0,0,1,1,35,47,,,0.35686500000000004,0.35686500000000004,0.9315700000000082,0.7608695652173914,0.7833333333333333,0.7410000000000001,0.9743072,0.9320374308264208,0.7410000000000001,6084641619.87546,,10170855374.9115,1.903,102.557736
,,Thorn Dmg,,0.518,0.43799999999999994,,,,,,,,,,13,PWR,2431,,,,,,,,,,,0,0,1,1,35,47,1500,,,,,170,113,1,0.116215848851434,rgn,1,1,0.9101261383716189,0.0005754274500475735,,653.81 B,294.28 T,2.86 T,452.32 B,1.9 T,,19.75 B,0.0006040165828462688,52.25 B,0.0015979679217072175,199.12 B,0.006089710479815142,,8,2.7,10,,5962,1715,6000,405,,,#REF!,0,0,1,1,35,47,,,0.35908500000000004,0.35908500000000004,0.5224200000000092,0.7608695652173914,0.7833333333333333,0.7410000000000001,0.9743072,0.9320374308264208,0.7410000000000001,6229122978.82205,,10170855374.9115,1.915,102.89556000000002
,,Time to kill (s),,18,16,,,,,,,,,,14,PWR,2618,,,,,,,,,,,0,0,1,1,35,47,1500,,,,,180,119,1,0.10936650570816411,rgn,1,1,0.9030341850276614,0.0005983561766492915,,722.44 B,312.71 T,3.03 T,452.32 B,1.9 T,,21.83 B,0.0006282817946340059,57.73 B,0.001661507466982188,220.02 B,0.006332320680502703,,7,2.8,10,,5973,1726,6000,409,,,#REF!,0,0,1,1,35,47,,,0.36130500000000004,0.36130500000000004,0.13547000000000953,0.7608695652173914,0.7833333333333333,0.7410000000000001,0.9743072,0.9320374308264208,0.7410000000000001,6364513835.98713,,10170855374.9115,1.926,103.20523200000001
,,Heat Up Avg,,1.175866145615235,1.15177828251648,,,,,,,,,,15,PWR,2805,,,,,,,,,,,0,0,1,1,35,47,1500,,,,,190,126,1,0.10289737340915245,rgn,1,1,0.8962038992688872,0.0006324955020007819,,811.67 B,332.37 T,3.21 T,452.32 B,1.9 T,,24.52 B,0.0006639588410506363,64.86 B,0.0017562956945572706,247.19 B,0.006693474140265367,,8,2.9,10,,5985,1738,6000,413,,1,#REF!,0,0,1,1,35,47,,,0.36352500000000004,0.36352500000000004,0.7707200000000101,0.7608695652173914,0.7833333333333333,0.7410000000000001,0.9743072,0.9320374308264208,0.7410000000000001,6515503245.03761,,10170855374.9115,1.938,103.54305600000002
,,,,,,,,,,,,,,,16,PWR,2992,,,,,,,,,,,0,0,1,1,35,47,1500,,,,,200,132,1,0.09714253252286542,rgn,0.9964497528830313,0.9953103732318355,0.8901600295404193,0.0006598077600409018,,896.88 B,352.06 T,3.39 T,452.32 B,1.9 T,,27.1 B,0.0006927796398341192,71.67 B,0.001832159291029938,273.14 B,0.006982502982446174,,7,3,10,,5996,1749,6000,417,,,#REF!,0,0,1,1,35,47,,,0.36574500000000004,0.36574500000000004,0.4281700000000104,0.7608695652173914,0.7833333333333333,0.7410000000000001,0.9743072,0.9320374308264208,0.7410000000000001,6656990962.93723,,10170855374.9115,1.949,103.85272800000001
,,Armour,,SF,OA,,,,,,,,,,17,PWR,3179,,,,,,,,,,,0,0,1,1,35,47,1500,,,,,210,138,1,0.0929878463253487,rgn,0.9922551999782485,0.9910497838440415,0.8856024089833874,0.0006978824329100843,,991.02 B,367.79 T,3.53 T,452.32 B,1.9 T,,29.94 B,0.0007326463471002474,79.2 B,0.0019380624813072676,301.81 B,0.007385437341961445,,8,3.1,10,,6000,1761,6000,421,,,#REF!,0,0,1,1,35,47,,,0.36796500000000004,0.36796500000000004,0.10782000000001091,0.7608695652173914,0.7833333333333333,0.7410000000000001,0.9743072,0.9320374308264208,0.7410000000000001,6709183277.54009,,10170855374.9115,1.961,104.19055200000001
,,Thorns,,1.06,1.17,,,,,,,,,,18,PWR,3366,,,,,,,,,,,0,0,1,1,35,47,1500,,,,,220,145,1,0.08966258553338752,rgn,0.9888714311931417,0.987569436069528,0.8816861547335029,0.0007537162782161862,,1.11 T,381.43 T,3.65 T,452.32 B,1.9 T,,33.53 B,0.0007911543402459167,88.71 B,0.0020931494638596858,338.05 B,0.007976430799884644,,7,3.2,10,,6000,1772,6000,425,,,#REF!,0,0,1,1,35,47,,,0.37018500000000004,0.37018500000000004,0.8096700000000112,0.7608695652173914,0.7833333333333333,0.7410000000000001,0.9743072,0.9320374308264208,0.7410000000000001,6709183277.54009,,10170855374.9115,1.972,104.50022400000002
,,Boss Thorns Base,,0.05512000000000001,0.06084,,,,,,,,,,19,PWR,3553,,,,,,,,,,,0,0,1,1,35,47,1500,,,,,230,151,1,0.08676019178568711,rgn,0.9857599381009159,0.9841144625688121,0.8766777442350135,0.0009527131586290872,,1.45 T,394.19 T,3.76 T,452.32 B,1.9 T,,43.81 B,0.0010002536847713032,115.88 B,0.002645729216875111,441.6 B,0.010082447550673532,,8,3.3,10,,6000,1784,6000,429,,,#REF!,0,0,1,1,35,47,,,0.37240500000000004,0.37240500000000004,0.5337200000000113,0.7608695652173914,0.7833333333333333,0.7410000000000001,0.9743072,0.9320374308264208,0.7410000000000001,6709183277.54009,,10170855374.9115,1.984,104.838048
,,Electron DPS,,0,0.005,,,,,,,,,,20,,3740,3,1,5,5,5,1,1,1,1,25,0.45,0.25,0.3,52.25000000000001,47,52,1500,,,,,240,157,1,0.08404600412857563,rgn,0.982996977292834,0.9812709377764671,0.8734708050722502,0.0009992873292047572,,1.57 T,406.92 T,3.87 T,452.32 B,1.9 T,,47.43 B,0.0010490268357416692,125.47 B,0.0027750663521085225,478.14 B,0.010575199056325568,,7,3.4,10,,6000,1795,6000,433,,,#REF!,0,0,1,1,35,47,,,0.37462500000000004,0.37462500000000004,0.27997000000001115,0.7608695652173914,0.7833333333333333,0.7410000000000001,0.9743072,0.9320374308264208,0.7410000000000001,6709183277.54009,,10170855374.9115,1.9949999999999999,105.14772
,,Base boss hits to kill,,10,9,,,,,,,,,,Taken,,,3,1,5,5,5,1,1,1,1,25,,,,,,,,,,,,250,163,1,0.08140918828850274,rgn,0.9803088788383718,0.9784985955724828,0.8703176148536064,0.0010480837895739106,,1.7 T,420.1 T,3.99 T,452.32 B,1.9 T,,51.36 B,0.0011003094501309213,135.86 B,0.002910592716019996,517.73 B,0.011091573434896453,,8,3.5,20,,6000,1800,6000,437,,,#REF!,0,0,1,1,35,47,,,0.37684500000000004,0.37684500000000004,0.048420000000011676,0.7608695652173914,0.7833333333333333,0.7410000000000001,0.9743072,0.9320374308264208,0.7410000000000001,6709183277.54009,,10170855374.9115,2,105.28848
,,SF Reduction,,1,0,,,,,,,,,,Max,,,3,1,5,5,5,1,1,1,1,25,,,,,,,,,,,,260,170,1,0.07922535211267606,rgn,0.9780473962194218,0.9761097108969607,0.8673517651964417,0.0011219653446997771,,1.87 T,431.68 T,4.1 T,452.32 B,1.9 T,,56.5 B,0.0011779558932542625,149.44 B,0.0031156412157153446,569.51 B,0.011873586916234248,,7,3.6,20,,6000,1800,6000,441,,,#REF!,0,0,1,1,35,47,,,0.37906500000000004,0.37906500000000004,0.839070000000012,0.7608695652173914,0.7833333333333333,0.7410000000000001,0.9743072,0.9320374308264208,0.7410000000000001,6709183277.54009,,10170855374.9115,2,105.28848
,,Boss hits to kill,,9,8,,,,,,,,,,Effect,+,,0.25,0.45,0.05,0.2,0.75,8.8,0.98,12,5,,,,,,,,,,,,,270,176,1,0.07697155203456968,rgn,0.9757353483975513,0.9737016789701116,0.8645104654303206,0.0011774846957147997,,2.02 T,444.32 T,4.22 T,452.32 B,1.9 T,,61.03 B,0.001236203637018365,161.43 B,0.0032698730644580482,615.19 B,0.01246108660424919,,8,3.7,20,,6000,1800,6000,445,,,#REF!,0,0,1,1,35,47,,,0.38128500000000004,0.38128500000000004,0.6519200000000129,0.7608695652173914,0.7833333333333333,0.7410000000000001,0.9743072,0.9320374308264208,0.7410000000000001,6709183277.54009,,10170855374.9115,2,105.28848
,,Thorn Dmg,,0.4960800000000001,0.48672,,,,,,,,,,,-,,,,,,,0.4,0.3,,,,,,,,,,,,,,,280,182,1,0.07501645097609125,rgn,0.9737103750822549,0.971561548585216,0.8618498793595086,0.0012441544198289094,,2.19 T,455.9 T,4.33 T,452.32 B,1.9 T,,66.16 B,0.0013060758938363676,175.01 B,0.0034549023908751917,666.96 B,0.013166571616582584,,7,3.8,20,,6000,1800,6000,449,,,#REF!,0,0,1,1,35,47,,,0.38350500000000004,0.38350500000000004,0.48697000000001367,0.7608695652173914,0.7833333333333333,0.7410000000000001,0.9743072,0.9320374308264208,0.7410000000000001,6709183277.54009,,10170855374.9115,2,105.28848
,,,,,,,,,,,,,,,,,,,,,,,,,,,,,,,,,,,,,,,290,188,1,0.07315820997689741,rgn,0.9717797552836485,0.9695118507743646,0.8592623855566014,0.0013130615213485064,,2.37 T,467.48 T,4.44 T,452.32 B,1.9 T,,71.6 B,0.0013784546932489091,189.4 B,0.0036463592025327285,721.78 B,0.013895824420296056,,8,3.9,20,,6000,1800,6000,453,,,#REF!,0,0,1,1,35,47,,,0.3857250000000001,0.3857250000000001,0.3442200000000142,0.7608695652173914,0.7833333333333333,0.7410000000000001,0.9743072,0.9320374308264208,0.7410000000000001,6709183277.54009,,10170855374.9115,2,105.28848
,,,Health Mult,6.99,7.04,,,,,,,,,,,,,,,,,,,,,,,,,,,,,,,,,,300,194,1,0.071232191952012,rgn,0.9697768057985504,0.9673822794301425,0.8565604223944014,0.0013863825710239103,,2.57 T,480.12 T,4.56 T,452.32 B,1.9 T,,77.64 B,0.0014553861534616346,205.38 B,0.0038499125218695324,782.69 B,0.014671769557610598,,7,4,20,,6000,1800,6000,457,,,#REF!,0,0,1,1,35,47,,,0.3879450000000001,0.3879450000000001,0.22367000000001536,0.7608695652173914,0.7833333333333333,0.7410000000000001,0.9743072,0.9320374308264208,0.7410000000000001,6709183277.54009,,10170855374.9115,2,105.28848
,,,Def%,0.06,0.08,,,,,,,,,,,,,,,,,,,,,,,,,,,,,,,,,,350,224,1,0.06331809008942292,rgn,0.9612792475885436,0.9579250550793328,0.842823024086794,0.001942032473663747,,4.05 T,540.13 T,5.13 T,452.32 B,1.9 T,,122.36 B,0.0020388425008794177,323.66 B,0.005393035010090163,1.23 T,0.020495066002628997,,38,4.5,20,,6000,1800,6000,476,,,#REF!,0,0,1,1,35,47,,,0.39849000000000007,0.39849000000000007,0.14817000000001812,0.7608695652173914,0.7833333333333333,0.7410000000000001,0.9743072,0.9320374308264208,0.7410000000000001,6709183277.54009,,10170855374.9115,2,105.28848
,,WHealth,Effect,2,1,,,,,,,,,,,,,,,,,,,,,,,,,,,,,,,,,,400,254,1,0.056986703102609386,rgn,0.954236644782884,0.9497122004865531,0.8292431765921285,0.0026196054254007386,,6.07 T,600.14 T,5.7 T,452.32 B,1.9 T,,183.38 B,0.0027500583197253973,485.08 B,0.007274502616056253,1.85 T,0.027743526510480888,,37,5,20,,6000,1800,6000,495,,2,#REF!,0,0,1,1,35,47,,,0.40903500000000004,0.40903500000000004,0.5999200000000187,0.7608695652173914,0.7833333333333333,0.7410000000000001,0.9743072,0.9320374308264208,0.7410000000000001,6709183277.54009,,10170855374.9115,2,105.28848
,,,Substat,0.9,1.2,,,,,,,,,,,,,,,,,,,,,,,,,,,,,,,,,,450,283,1,0.05180562287930199,rgn,0.9485106489335919,0.943089735821619,0.8185409597673292,0.0031386330586524467,,8 T,660.16 T,6.27 T,452.32 B,1.9 T,,241.69 B,0.003294973945710131,639.32 B,0.008715887057682985,2.44 T,0.033264663111972854,,38,5.5,20,,6000,1800,6000,514,,,#REF!,0,0,1,1,35,47,,,0.41958000000000006,0.41958000000000006,0.5789200000000214,0.7608695652173914,0.7833333333333333,0.7410000000000001,0.9743072,0.9320374308264208,0.7410000000000001,6709183277.54009,,10170855374.9115,2,105.28848
,,WRegen,Effect,2,1,,,,,,,,,,,,,,,,,,,,,,,,,,,,,,,,,,500,311,1,0.04748878736964884,rgn,0.9427542802393879,0.9349917380618464,0.799750059013844,0.004509851840537649,,12.54 T,720.17 T,6.84 T,452.32 B,1.9 T,,378.85 B,0.00473450713026091,1 T,0.012497049307802325,3.82 T,0.04773872835580488,,37,6,20,,6000,1800,6000,533,,,#REF!,0,0,1,1,35,47,,,0.43012500000000004,0.43012500000000004,0.08517000000002284,0.7608695652173914,0.7833333333333333,0.7410000000000001,0.9743072,0.9320374308264208,0.7410000000000001,6709183277.54009,,10170855374.9115,2,105.28848
,,,Substat,2,4,,,,,,,,,,,,,,,,,,,,,,,,,,,,,,,,,,550,339,1,0.043835475973801254,rgn,0.9384440584985708,0.9295312680244555,0.7895025570694318,0.0051355823581435275,,15.47 T,780.19 T,7.41 T,452.32 B,1.9 T,,467.37 B,0.005391417475230392,1.24 T,0.014304207949345673,4.71 T,0.05433291890436945,,38,6.5,20,,6000,1800,6000,552,,,#REF!,0,0,1,1,35,47,,,0.44067000000000006,0.44067000000000006,0.11867000000002648,0.7608695652173914,0.7833333333333333,0.7410000000000001,0.9743072,0.9320374308264208,0.7410000000000001,6709183277.54009,,10170855374.9115,2,105.28848
,,,,,,,,,,,,,,,,,,,,,,,,,,,,,,,,,,,,,,,600,367,1,0.04070459414425137,rgn,0.9345268150440371,0.9243156391335396,0.7784694120447514,0.0058846822185193975,,19.09 T,840.2 T,7.98 T,452.32 B,1.9 T,,576.73 B,0.006177779100214235,1.53 T,0.016388955010711734,5.81 T,0.062235182099500116,,37,7,20,,6000,1800,6000,571,,3,#REF!,0,0,1,1,35,47,,,0.4512150000000001,0.4512150000000001,0.6794200000000323,0.7608695652173914,0.7833333333333333,0.7410000000000001,0.9743072,0.9320374308264208,0.7410000000000001,6709183277.54009,,10170855374.9115,2,105.28848
,,,,,,,,,,,,,,,,,,,,,,,,,,,,,,,,,,,,,,,650,394,1,0.03799071338117349,rgn,0.9309320388349516,0.9192952833751751,0.7668081135722379,0.006723723089911353,,23.37 T,900.22 T,8.55 T,452.32 B,1.9 T,,706.04 B,0.007058674546222035,1.87 T,0.018695430005998534,7.12 T,0.0711825998089356,,38,7.5,20,,6000,1800,6000,590,,,#REF!,0,0,1,1,35,47,,,0.46176,0.46176,0.7674200000000333,0.7608695652173914,0.7833333333333333,0.7410000000000001,0.9743072,0.9320374308264208,0.7410000000000001,6709183277.54009,,10170855374.9115,2,105.28848
,,Start of Run,WHealth,58.37 T,32.08 T,,,,,,,,,,,,,,,,,,,,,,,,,,,,,,,,,,700,420,1,0.035616466888141386,rgn,0.9265835685200421,0.9117159430553097,0.7445132936900535,0.008604292721535463,,31.9 T,960.23 T,9.12 T,452.32 B,1.9 T,,963.74 B,0.009032898368099309,2.55 T,0.023900523832831717,9.72 T,0.09110317319808796,,37,8,20,,6000,1800,6000,609,,,#REF!,0,0,1,1,35,47,,,0.47230500000000003,0.47230500000000003,0.3826700000000365,0.7608695652173914,0.7833333333333333,0.7410000000000001,0.9743072,0.9320374308264208,0.7410000000000001,6709183277.54009,,10170855374.9115,2,105.28848
,,,WRegen,1.42 T,1.18 T,,,,,,,,,,,,,,,,,,,,,,,,,,,,,,,,,,750,446,1,0.033529411764705884,rgn,0.9235588235294119,0.9072352941176471,0.7332058823529413,0.009481431372549016,,37.34 T,1.02 q,9.69 T,452.32 B,1.9 T,,1.13 T,0.009970588235294118,2.98 T,0.026294117647058822,11.37 T,0.1003235294117647,,38,8.5,20,,6000,1800,6000,628,,4,#REF!,0,0,1,1,35,47,,,0.48285000000000006,0.48285000000000006,0.5251700000000383,0.7608695652173914,0.7833333333333333,0.7410000000000001,0.9743072,0.9320374308264208,0.7410000000000001,6709183277.54009,,10170855374.9115,2,105.28848
,,,TTR (s),41.105633802816904,27.1864406779661,,,,,,,,,,,,,,,,,,,,,,,,,,,,,,,,,,800,471,1,0.03166666666666666,rgn,0.92075,0.9027499999999999,0.7214166666666667,0.010417555555555551,,43.44 T,1.08 q,10.26 T,452.32 B,1.9 T,,1.31 T,0.010916666666666665,3.47 T,0.028916666666666663,13.23 T,0.11024999999999999,,37,9,20,,6000,1800,6000,647,,,#REF!,0,0,1,1,35,47,,,0.49339500000000003,0.49339500000000003,0.19492000000003884,0.7608695652173914,0.7833333333333333,0.7410000000000001,0.9743072,0.9320374308264208,0.7410000000000001,6709183277.54009,,10170855374.9115,2,105.28848
,,End of Run,WHealth,449.92 T,244.75 T,,,,,,,,,,,,,,,,,,,,,,,,,,,,,,,,,,850,496,1,0.030000000000000002,rgn,0.917921052631579,0.8981052631578947,0.7085000000000001,0.011482333333333329,,50.54 T,1.14 q,10.83 T,452.32 B,1.9 T,,1.53 T,0.012078947368421052,4.04 T,0.03189473684210526,15.39 T,0.1215,,38,9.5,20,,6000,1800,6000,666,,,#REF!,0,0,1,1,35,47,,,0.50394,0.50394,0.39192000000004157,0.7608695652173914,0.7833333333333333,0.7410000000000001,0.9743072,0.9320374308264208,0.7410000000000001,6709183277.54009,,10170855374.9115,2,105.28848
,,,WRegen,99.26 T,82.72 T,,,,,,,,,,,,,,,,,,,,,,,,,,,,,,,,,,900,520,1,0.028499999999999998,rgn,0.9113249999999999,0.882975,0.655025,0.016390383333333328,,75.94 T,1.2 q,11.4 T,452.32 B,1.9 T,,2.29 T,0.017175,6.07 T,0.045525,23.13 T,0.173475,,37,10,20,,6000,1800,6000,685,,,#REF!,0,0,1,1,35,47,,,0.5144850000000001,0.5144850000000001,0.11617000000004651,0.7608695652173914,0.7833333333333333,0.7410000000000001,0.9743072,0.9320374308264208,0.7410000000000001,6709183277.54009,,10170855374.9115,2,105.28848
,,,TTR (S),4.532742292967963,2.958776595744681,,,,,,,,,,,,,,,,,,,,,,,,,,,,,,,,,,950,544,1,0.027142857142857146,rgn,0.9087142857142857,0.8783571428571428,0.6412142857142857,0.01756677777777777,,85.46 T,1.26 q,11.97 T,452.32 B,1.9 T,,2.58 T,0.01842857142857143,6.83 T,0.048785714285714286,26.03 T,0.18592857142857142,,38,10.5,20,,6000,1800,6000,699,,5,#REF!,0,0,1,1,35,47,,,0.522255,0.522255,0.22892000000004842,0.7608695652173914,0.7833333333333333,0.7410000000000001,0.9743072,0.9320374308264208,0.7410000000000001,6709183277.54009,,10170855374.9115,2,105.28848
,,,,,,,,,,,,,,,,,,,,,,,,,,,,,,,,,,,,,,,1000,568,1,0.02590909090909091,rgn,0.9060681818181818,0.8735454545454545,0.6262045454545455,0.018867757575757566,,96.16 T,1.32 q,12.53 T,452.32 B,1.9 T,,2.91 T,0.01984090909090909,7.68 T,0.05236363636363636,29.29 T,0.19970454545454547,,37,11,20,,6000,1800,6000,699,,,#REF!,0,0,1,1,35,47,,,0.522255,0.522255,0.3416700000000503,0.7608695652173914,0.7833333333333333,0.7410000000000001,0.9743072,0.9320374308264208,0.7410000000000001,6709183277.54009,,10170855374.9115,2,105.28848
,,Generator,,PH,GComp,,,,,,,,,,,,,,,,,,,,,,,,,,,,,,,,,,1250,688,1,0.022799999999999997,rgn,0.89136,0.8395800000000001,0.5057600000000001,0.029959393333333324,,173.51 T,1.5 q,14.24 T,452.32 B,1.9 T,,5.24 T,0.03144,13.87 T,0.08322,52.84 T,0.31704,,188,12.5,20,,6000,1800,6000,699,,6,PWR,0,0,1,1,35,47,,,0.522255,0.522255,0.9054200000000492,0.7608695652173914,0.7833333333333333,0.7410000000000001,0.9743072,0.9320374308264208,0.7410000000000001,6709183277.54009,,10170855374.9115,2,105.28848
,,,Uptime Pre-Perk,0.7608695652173914,1,,,,,,,,,,,,,,,,,,,,,,,,,,,,,,,,,,1500,807,1,3.973708794875217,rgn,1,1,1,0.00183824903243027,,206.61 T,449.58 T,4.27 T,23.63 T,99.25 T,,482 B,0.009649005738689443,638.79 B,0.012787735219538236,971.78 B,0.01945375683971707,,187,12.5,20,,6000,1800,6000,699,,20,PWR,0.45,0.25,0.3,52.25000000000001,47,52,,,0.522255,0.522255,0.46917000000004805,1,0.8666666666666667,0.98,0.998016,0.9973706614944741,0.996,6709183277.54009,,10170855374.9115,2,105.28848
,,,Uptime Post-Perk,1.0217391304347827,1.3428571428571427,,,,,,,,,,,,,,,,,,,,,,,,,,,,,,,,,,1750,926,1,3.973708794875217,rgn,1,1,1,0.002940789181013393,,330.53 T,449.58 T,4.27 T,23.63 T,99.25 T,,771.1 B,0.015436407313492594,1.02 T,0.020419057787268116,1.55 T,0.03102896036300547,,188,12.5,20,,6000,1800,6000,699,,,PWR,0.45,0.25,0.3,52.25000000000001,47,52,,,0.522255,0.522255,0.03292000000004691,1,0.8666666666666667,0.98,0.998016,0.9973706614944741,0.996,6709183277.54009,,10170855374.9115,2,105.28848
,,,,,,,,,,,,,,,,,,,,,,,,,,,,,,,,,,,,,,,2000,1046,1,3.973708794875217,rgn,1,1,1,0.005160905734240852,,580.06 T,449.58 T,4.27 T,23.63 T,99.25 T,,1.35 T,0.027025223541972506,1.79 T,0.03583344454824503,2.73 T,0.05465100760709996,,187,12.5,20,,6000,1800,6000,699,,,PWR,0.45,0.25,0.3,52.25000000000001,47,52,,,0.522255,0.522255,0.5966700000000458,1,0.8666666666666667,0.98,0.998016,0.9973706614944741,0.996,6709183277.54009,,10170855374.9115,2,105.28848
,,,,,,,,,,,,,,,,,,,,,,,,,,,,,,,,,,,,,,,2250,1165,1,3.973708794875217,rgn,1,1,1,0.007840473330664182,,881.23 T,449.58 T,4.27 T,23.63 T,99.25 T,,2.06 T,0.04123848925663953,2.72 T,0.05445082076604831,4.14 T,0.08287735219538234,,188,12.5,20,,6000,1800,6000,699,,,PWR,0.45,0.25,0.3,52.25000000000001,47,52,,,0.522255,0.522255,0.16042000000004464,1,0.8666666666666667,0.98,0.998016,0.9973706614944741,0.996,6709183277.54009,,10170855374.9115,2,105.28848
,,,,,,,,,,,,,,,,,,,,,,,,,,,,,,,,,,,,,,,2500,1285,1,3.973708794875217,rgn,1,1,1,0.012900929756661784,,1.45 q,449.58 T,4.27 T,23.63 T,99.25 T,,3.38 T,0.06766315227545709,4.48 T,0.0896837047911384,6.82 T,0.13652742559722408,,187,12.5,20,,6000,1800,6000,699,,,PWR,0.45,0.25,0.3,52.25000000000001,47,52,,,0.522255,0.522255,0.7241700000000435,1,0.8666666666666667,0.98,0.998016,0.9973706614944741,0.996,6709183277.54009,,10170855374.9115,2,105.28848
,,,,,,,,,,,,,,,,,,,,,,,,,,,,,,,,,,,,,,,2750,1404,1,3.973708794875217,rgn,1,1,1,0.018773077094176804,,2.11 q,449.58 T,4.27 T,23.63 T,99.25 T,,4.92 T,0.09849192579741092,6.52 T,0.13052182036567464,9.92 T,0.19858534632323502,,188,12.5,20,,6000,1800,6000,699,,,PWR,0.45,0.25,0.3,52.25000000000001,47,52,,,0.522255,0.522255,0.28792000000004236,1,0.8666666666666667,0.98,0.998016,0.9973706614944741,0.996,6709183277.54009,,10170855374.9115,2,105.28848
,,,,,,,,,,,,,,,,,,,,,,,,,,,,,,,,,,,,,,,3000,1524,1.5,3.973708794875217,rgn,1,1,1,0.0346100805195961,,3.89 q,449.58 T,4.27 T,23.63 T,99.25 T,,13.61 T,0.27245429067129323,18.04 T,0.3611370612571734,27.44 T,0.5493126918457226,,187,12.5,20,,6000,1800,6000,699,,,PWR,0.45,0.25,0.3,52.25000000000001,47,52,,,0.522255,0.522255,0.8516700000000412,1,0.8666666666666667,0.98,0.998016,0.9973706614944741,0.996,6709183277.54009,,10170855374.9115,2,105.28848
,,FB,,,,,,,,,,,,,,,,,,,,,,,,,,,,,,,,,,,,,3250,1643,1.5,3.973708794875217,rgn,1,1,1,0.047511010276257884,,5.34 q,449.58 T,4.27 T,23.63 T,99.25 T,,18.69 T,0.37414920592553047,24.76 T,0.49566261844388093,37.67 T,0.7541038302415588,,188,12.5,20,,6000,1800,6000,699,,,PWR,0.45,0.25,0.3,52.25000000000001,47,52,,,0.522255,0.522255,0.4154200000000401,1,0.8666666666666667,0.98,0.998016,0.9973706614944741,0.996,6709183277.54009,,10170855374.9115,2,105.28848
,,,Hit Chance,0.8,,,,,,,,,,,,,,,,,,,,,,,,,,,,,,,,,,,3500,1763,1.5,3.973708794875217,rgn,1,1,1,0.06539436807687181,,7.35 q,449.58 T,4.27 T,23.63 T,99.25 T,,25.72 T,0.5148805551848392,34.09 T,0.6824369411450689,51.86 T,1.0381689576938475,,187,12.5,20,,6000,1800,6000,699,,,PWR,0.45,0.25,0.3,52.25000000000001,47,52,,,0.522255,0.522255,0.979170000000039,1,0.8666666666666667,0.98,0.998016,0.9973706614944741,0.996,6709183277.54009,,10170855374.9115,2,105.28848
,,,CD,19,,,,,,,,,,,,,,,,,,,,,,,,,,,,,,,,,,,3750,1882,1.5,3.973708794875217,rgn,1,1,1,0.08977267672049477,,10.09 q,449.58 T,4.27 T,23.63 T,99.25 T,,35.31 T,0.7068597357533698,46.79 T,0.9366742292806619,71.19 T,1.4251301214466836,,188,12.5,20,,6000,1800,6000,699,,,PWR,0.45,0.25,0.3,52.25000000000001,47,52,,,0.522255,0.522255,0.5429200000000378,1,0.8666666666666667,0.98,0.998016,0.9973706614944741,0.996,6709183277.54009,,10170855374.9115,2,105.28848
,,,Travel Time,5,,,,,,,,,,,,,,,,,,,,,,,,,,,,,,,,,,,4000,2001,2,3.973708794875217,rgn,1,1,1,0.13078873615374362,,14.7 q,449.58 T,4.27 T,23.63 T,99.25 T,,68.59 T,1.373081542773255,90.9 T,1.8196983851594821,138.28 T,2.7681836380621916,,187,12.5,20,,6000,1800,6000,699,,,PWR,0.45,0.25,0.3,52.25000000000001,47,52,,,0.522255,0.522255,0.10667000000003668,1,0.8666666666666667,0.98,0.998016,0.9973706614944741,0.996,6709183277.54009,,10170855374.9115,2,105.28848
,,,Procs per life,1.2105263157894737,,,,,,,,,,,,,,,,,,,,,,,,,,,,,,,,,,,4250,2121,2,3.973708794875217,rgn,1,1,1,0.17749899906579492,,19.95 q,449.58 T,4.27 T,23.63 T,99.25 T,,93.08 T,1.8633391165087414,123.36 T,2.4695048712131324,187.67 T,3.756906446016282,,188,12.5,20,,6000,1800,6000,699,,,PWR,0.45,0.25,0.3,52.25000000000001,47,52,,,0.522255,0.522255,0.6704200000000355,1,0.8666666666666667,0.98,0.998016,0.9973706614944741,0.996,6709183277.54009,,10170855374.9115,2,105.28848
,,,Effective Procs,0.968421052631579,,,,,,,,,,,,,,,,,,,,,,,,,,,,,,,,,,,4500,2240,2,3.973708794875217,rgn,1,1,-0.3108367809955954,0.24022420926197804,,27 q,449.58 T,4.27 T,23.63 T,99.25 T,,125.98 T,2.5219538235686643,166.95 T,3.342119311357267,253.99 T,5.084545575870813,,187,12.5,20,,6000,1800,6000,699,,,PWR,0.45,0.25,0.3,52.25000000000001,47,52,,,0.522255,0.522255,0.2341700000000344,1,0.8666666666666667,0.98,0.998016,0.9973706614944741,0.996,6709183277.54009,,10170855374.9115,2,105.28848
,,,Tag Prob,0.8574791460726504,,,,,,,,,,,,,,,,,,,,,,,,,,,,,,,,,,,5000,2479,2.5,3.973708794875217,rgn,-0.9172961430668627,-2.8010543173628717,-6.901788335780061,0.44130076960718934,,49.6 q,449.58 T,4.27 T,23.63 T,99.25 T,,289.28 T,5.79100493794208,383.38 T,7.674763112238089,583.23 T,11.675497130655279,,375,12.5,20,,6000,1800,6000,699,,,#REF!,0.45,0.25,0.3,52.25000000000001,47,52,,,0.522255,0.522255,0.3616700000000037,1,0.8666666666666667,0.98,0.998016,0.9973706614944741,0.996,6709183277.54009,,10170855374.9115,2,105.28848
,,,Time to Tag,11.684491978609627,,,,,,,,,,,,,,,,,,,,,,,,,,,,,,,,,,,5500,2718,2.5,3.973708794875217,rgn,-6.541345255571867,-10.254410783397837,-18.247777926064323,0.8698785533164295,,97.77 q,449.58 T,4.27 T,23.63 T,99.25 T,,570.22 T,11.415054050447084,755.7 T,15.128119578273054,1.15 q,23.021486720939542,,375,12.5,20,,6000,1800,6000,699,,,#REF!,0.45,0.25,0.3,52.25000000000001,47,52,,,0.522255,0.522255,0.48917000000000144,1,0.8666666666666667,0.98,0.998016,0.9973706614944741,0.996,6709183277.54009,,10170855374.9115,2,105.28848
,,,Boss Tagged Fraction,0.5390451197533357,,,,,,,,,,,,,,,,,,,,,,,,,,,,,,,,,,,6000,2957,3,3.973708794875217,rgn,-18.748338449219272,-26.55562525023355,-43.070946216468705,1.5055829885671084,,169.22 q,449.58 T,4.27 T,23.63 T,99.25 T,,1.18 q,23.62204724409449,1.57 q,31.429334045108767,2.39 q,47.844655011343924,,375,12.5,20,,6000,1800,6000,699,,,#REF!,0.45,0.25,0.3,52.25000000000001,47,52,,,0.522255,0.522255,0.6166699999999992,1,0.8666666666666667,0.98,0.998016,0.9973706614944741,0.996,6709183277.54009,,10170855374.9115,2,105.28848
,,,,,,,,,,,,,,,,,,,,,,,,,,,,,,,,,,,,,,,6500,3196,3,3.973708794875217,hp,-37.76608834912585,-51.578980381689576,-81.10644601628186,2.7054584278660103,,304.08 q,449.58 T,4.27 T,23.63 T,99.25 T,,2.13 q,42.639797144001065,2.82 q,56.452689176564796,4.29 q,85.88015481115708,,375,12.5,20,,6000,1800,6000,699,,,#REF!,0.45,0.25,0.3,52.25000000000001,47,52,,,0.522255,0.522255,0.7441699999999969,1,0.8666666666666667,0.98,0.998016,0.9973706614944741,0.996,6709183277.54009,,10170855374.9115,2,105.28848
,,,,,,,,,,,,,,,,,,,,,,,,,,,,,,,,,,,,,,,7000,3435,3,3.973708794875217,hp,-66.79318030161484,-90.01485386360604,-139.56100360336316,4.5465545620356815,,511.01 q,449.58 T,4.27 T,23.63 T,99.25 T,,3.58 q,71.66688909649005,4.74 q,94.88856265848125,7.21 q,144.33471239823837,,375,12.5,20,,6000,1800,6000,699,,,#REF!,0.45,0.25,0.3,52.25000000000001,47,52,,,0.522255,0.522255,0.8716699999999946,1,0.8666666666666667,0.98,0.998016,0.9973706614944741,0.996,6709183277.54009,,10170855374.9115,2,105.28848
,,EALS,Base,,,,,,,,,,,,,,,,,,,,,,,,,,,,,,,,,,,,7500,3674,3,3.973708794875217,hp,-139.46100360336314,-186.3047244094488,-286.0977712531696,9.164108723697682,,1.03 Q,449.58 T,4.27 T,23.63 T,99.25 T,,7.21 q,144.33471239823837,9.55 q,191.17843320432402,14.53 q,290.8714800480448,,375,12.5,20,,6000,1800,6000,699,,,#REF!,0.45,0.25,0.3,52.25000000000001,47,52,,,0.522255,0.522255,0.9991699999999923,1,0.8666666666666667,0.98,0.998016,0.9973706614944741,0.996,6709183277.54009,,10170855374.9115,2,105.28848
,,Labs,0.02,,,,,,,,,,,,,,,,,,,,,,,,,,,,,,,,,,,,8000,3912,3,3.973708794875217,hp,-224.94078473241692,-299.6104764446817,-458.4586413986387,14.59139641443126,,1.64 Q,449.58 T,4.27 T,23.63 T,99.25 T,,11.48 q,229.81449352729214,15.21 q,304.4841852395569,23.14 q,463.2323501935139,,375,12.5,20,,6000,1800,6000,699,,,#REF!,0.45,0.25,0.3,52.25000000000001,47,52,,,0.522255,0.522255,0.12666999999999007,1,0.8666666666666667,0.98,0.998016,0.9973706614944741,0.996,6709183277.54009,,10170855374.9115,2,105.28848
,,Mods,0.08,,,,,,,,,,,,,,,,,,,,,,,,,,,,,,,,,,,,8500,4151,3,3.973708794875217,hp,-360.8676498064861,-479.7786333911651,-732.5144267983451,23.221673561991214,,2.61 Q,449.58 T,4.27 T,23.63 T,99.25 T,,18.27 q,365.7413586013613,24.21 q,484.6523421860403,36.83 q,737.2881355932203,,375,12.5,20,,6000,1800,6000,699,,,#REF!,0.45,0.25,0.3,52.25000000000001,47,52,,,0.522255,0.522255,0.2541699999999878,1,0.8666666666666667,0.98,0.998016,0.9973706614944741,0.996,6709183277.54009,,10170855374.9115,2,105.28848
,,Relic,0.02,,,,,,,,,,,,,,,,,,,,,,,,,,,,,,,,,,,,9000,4390,3,3.973708794875217,hp,-579.2714933938342,-769.4489923929,-1173.125663953023,37.101294541572166,,4.17 Q,449.58 T,4.27 T,23.63 T,99.25 T,,29.18 q,584.1452021887095,38.68 q,774.3227011877752,58.84 q,1177.899372747898,,375,12.5,20,,6000,1800,6000,699,,,#REF!,0.45,0.25,0.3,52.25000000000001,47,52,,,0.522255,0.522255,0.3816699999999855,1,0.8666666666666667,0.98,0.998016,0.9973706614944741,0.996,6709183277.54009,,10170855374.9115,2,105.28848
,,Total,0.12000000000000001,,,,,,,,,,,,,,,,,,,,,,,,,,,,,,,,,,,,9500,4629,3,3.973708794875217,hp,-902.9736153743494,-1198.2492059255305,-1825.7347657813962,57.65381022287474,,6.48 Q,449.58 T,4.27 T,23.63 T,99.25 T,,45.35 q,907.8473241692246,60.1 q,1203.1229147204058,91.44 q,1830.5084745762713,,375,12.5,20,,6000,1800,6000,699,,,#REF!,0.45,0.25,0.3,52.25000000000001,47,52,,,0.522255,0.522255,0.5091699999999832,1,0.8666666666666667,0.98,0.998016,0.9973706614944741,0.996,6709183277.54009,,10170855374.9115,2,105.28848
,,Enhancement,1.11,,,,,,,,,,,,,,,,,,,,,,,,,,,,,,,,,,,,10000,4868,3,3.973708794875217,hp,-1466.2993860936874,-1944.7459362071265,-2961.1945282263446,93.42052582410258,,10.5 Q,449.58 T,4.27 T,23.63 T,99.25 T,,73.49 q,1471.1730948885627,97.39 q,1949.6196450020018,148.16 q,2965.96823702122,,375,12.5,20,,6000,1800,6000,699,,,#REF!,0.45,0.25,0.3,52.25000000000001,47,52,,,0.522255,0.522255,0.636669999999981,1,0.8666666666666667,0.98,0.998016,0.9973706614944741,0.996,6709183277.54009,,10170855374.9115,2,105.28848
,,,,,,,,,,,,,,,,,,,,,,,,,,,,,,,,,,,,,,,,,,,,,,,,,,,,,,,,,,,,,,,,,,,,,,,,,,,,,,,,,,,,,,,,,,,,,,
,,,,,,,,,,,,,,,,,,,,,,,,,,,,,,,,,,,,,,,,,,,,,,,,,,,,,,,,,,,,,,,,,,,,,,,,,,,,,,,,,,,,,,,,,,,,,,
,,,,Base,Lab,Core Sub,Total,GComp,,,,,,,,,,,,,,,,,,,,,,,,,,,,,,,,,,,,,,,,,,,,,,,,,,,,,,,,,,,,,,,,,,,,,,,,,,,,,,,,,,,,,,
,,Black Hole,Duration,31,,4,35,35,,,,,,,,,,,,,,,,,,,,,,,,,,,,,,,,,,,,,,,,,,,,,,,,,,,,,,,,,,,,,,,,,,,,,,,,,,,,,,,,,,,,,,
,,,CD,50,,4,46,35,,,,,,,,,,,,,,,,,,,,,,,,,,,,,,,,,,,,,,,,,,,,,,,,,,,,,,,,,,,,,,,,,,,,,,,,,,,,,,,,,,,,,,
,,,Uptime,0.62,,,0.7608695652173914,1,,,,,,,,,,,,,,,,,,,,,,,,,,,,,,,,,,,,,,,,,,,,,,,,,,,,,,,,,,,,,,,,,,,,,,,,,,,,,,,,,,,,,,
,,,With Perk,0.86,,,1.0217391304347827,1.3428571428571427,,,,,,,,,,,,,,,,,,,,,,,,,,,,,,,,,,,,,,,,,,,,,,,,,,,,,,,,,,,,,,,,,,,,,,,,,,,,,,,,,,,,,,
,,Chrono Field,Duration,17,30,0,47,47,,,,,,,,,,,,,,,,,,,,,,,,,,,,,,,,,,,,,,,,,,,,,,,,,,,,,,,,,,,,,,,,,,,,,,,,,,,,,,,,,,,,,,
,,,CD,60,,0,60,45,,,,,,,,,,,,,,,,,,,,,,,,,,,,,,,,,,,,,,,,,,,,,,,,,,,,,,,,,,,,,,,,,,,,,,,,,,,,,,,,,,,,,,
,,,Uptime,0.2833333333333333,,,0.7833333333333333,1.0444444444444445,,,,,,,,,,,,,,,,,,,,,,,,,,,,,,,,,,,,,,,,,,,,,,,,,,,,,,,,,,,,,,,,,,,,,,,,,,,,,,,,,,,,,,
,,,With Perk,0.36666666666666664,,,0.8666666666666667,1.1555555555555554,,,,,,,,,,,,,,,,,,,,,,,,,,,,,,,,,,,,,,,,,,,,,,,,,,,,,,,,,,,,,,,,,,,,,,,,,,,,,,,,,,,,,,
,,,,,,,,,,,,,,,,,,,,,,,,,,,,,,,,,,,,,,,,,,,,,,,,,,,,,,,,,,,,,,,,,,,,,,,,,,,,,,,,,,,,,,,,,,,,,,
,,,,,,,,,,,,,,,,,,,,,,,,,,,,,,,,,,,,,,,,,,,,,,,,,,,,,,,,,,,,,,,,,,,,,,,,,,,,,,,,,,,,,,,,,,,,,,
,,,,,,,,,,,,,,,,,,,,,,,,,,,,,,,,,,,,,,,,,,,,,,,,,,,,,,,,,,,,,,,,,,,,,,,,,,,,,,,,,,,,,,,,,,,,,,
,,,,,,,,,,,,,,,,,,,,,,,,,,,,,,,,,,,,,,,,,,,,,,,,,,,,,,,,,,,,,,,,,,,,,,,,,,,,,,,,,,,,,,,,,,,,,,
,,Damage Reduction,,,,,Max,,,,,,,,,,,,,,,,,,,,,,,,,,,,,,,,,,,,,,,,,,,,,,,,,,,,,,,,,,,,,,,,,,,,,,,,,,,,,,,,,,,,,,,
,,Constant,Flame Bot DR,,,,0.3800000000000001,,,,,,,,,,,,,,,,,,,,,,,,,,,,,,,,,,,,,,,,,,,,,,,,,,,,,,,,,,,,,,,,,,,,,,,,,,,,,,,,,,,,,,,
,,,Total Constant DR,,,,0.3800000000000001,,,,,,,,,,,,,,,,,,,,,,,,,,,,,,,,,,,,,,,,,,,,,,,,,,,,,,,,,,,,,,,,,,,,,,,,,,,,,,,,,,,,,,,
,,Start of Run,Def %,,,,0.7410000000000001,,,,,,,,,,,,,,,,,,,,,,,,,,,,,,,,,,,,,,,,,,,,,,,,,,,,,,,,,,,,,,,,,,,,,,,,,,,,,,,,,,,,,,,
,,,Chrono Field DR,,,,0.2,,,,,,,,,,,,,,,,,,,,,,,,,,,,,,,,,,,,,,,,,,,,,,,,,,,,,,,,,,,,,,,,,,,,,,,,,,,,,,,,,,,,,,,
,,,Primordial Collapse DR,,,,0.8,,,,,,,,,,,,,,,,,,,,,,,,,,,,,,,,,,,,,,,,,,,,,,,,,,,,,,,,,,,,,,,,,,,,,,,,,,,,,,,,,,,,,,,
,,,"Other DR (perks, etc)",,,,0,,,,,,,,,,,,,,,,,,,,,,,,,,,,,,,,,,,,,,,,,,,,,,,,,,,,,,,,,,,,,,,,,,,,,,,,,,,,,,,,,,,,,,,
,,,Total Starting DR,,,,0.9743072,,,,,,,,,,,,,,,,,,,,,,,,,,,,,,,,,,,,,,,,,,,,,,,,,,,,,,,,,,,,,,,,,,,,,,,,,,,,,,,,,,,,,,,
,,End of Run,Def %,,,,0.98,,,,,,,,,,,,,,,,,,,,,,,,,,,,,,,,,,,,,,,,,,,,,,,,,,,,,,,,,,,,,,,,,,,,,,,,,,,,,,,,,,,,,,,
,,,Chrono Field DR,,,,0.2,,,,,,,,,,,,,,,,,,,,,,,,,,,,,,,,,,,,,,,,,,,,,,,,,,,,,,,,,,,,,,,,,,,,,,,,,,,,,,,,,,,,,,,
,,,Primordial Collapse DR,,,,0.96,,,,,,,,,,,,,,,,,,,,,,,,,,,,,,,,,,,,,,,,,,,,,,,,,,,,,,,,,,,,,,,,,,,,,,,,,,,,,,,,,,,,,,,
,,,"Other DR (perks, etc)",,,,0,,,,,,,,,,,,,,,,,,,,,,,,,,,,,,,,,,,,,,,,,,,,,,,,,,,,,,,,,,,,,,,,,,,,,,,,,,,,,,,,,,,,,,,
,,,Total Ending DR,,,,0.9996032,,,,,,,,,,,,,,,,,,,,,,,,,,,,,,,,,,,,,,,,,,,,,,,,,,,,,,,,,,,,,,,,,,,,,,,,,,,,,,,,,,,,,,,
,,,,,,,,,,,,,,,,,,,,,,,,,,,,,,,,,,,,,,,,,,,,,,,,,,,,,,,,,,,,,,,,,,,,,,,,,,,,,,,,,,,,,,,,,,,,,,
,,,,,,,,,,,,,,,,,,,,,,,,,,,,,,,,,,,,,,,,,,,,,,,,,,,,,,,,,,,,,,,,,,,,,,,,,,,,,,,,,,,,,,,,,,,,,,
,,,,,,,,,,,,,,,,,,,,,,,,,,,,,,,,,,,,,,,,,,,,,,,,,,,,,,,,,,,,,,,,,,,,,,,,,,,,,,,,,,,,,,,,,,,,,,
,,Base Stats,,Base,,Modifiers,,,,,,,,,,,,,,,,,,,,,,,,,,,,,,,,,,,,,,,,,,,,,,,,,,,,,,,,,,,,,,,,,,,,,,,,,,,,,,,,,,,,,,,,
,,Target min HP fraction at kill,,0.2,,x dmg,Wave,,Best,Worst,,,,,,,,,,,,,,,,,,,,,,,,,,,,,,,,,,,,,,,,,,,,,,,,,,,,,,,,,,,,,,,,,,,,,,,,,,,,,,,,,,,,
,,Boss attack period (s),,2,,1,1,Dmg,1,1.2,,,,,,,,,,,,,,,,,,,,,,,,,,,,,,,,,,,,,,,,,,,,,,,,,,,,,,,,,,,,,,,,,,,,,,,,,,,,,,,,,,,,
,,Heat up,,1.04,,1.5,3000,,1.5,1.7999999999999998,,,,,,,,,,,,,,,,,,,,,,,,,,,,,,,,,,,,,,,,,,,,,,,,,,,,,,,,,,,,,,,,,,,,,,,,,,,,,,,,,,,,
,,Plasma Cannon,,0.54,,2,4000,,2,2.4,,,,,,,,,,,,,,,,,,,,,,,,,,,,,,,,,,,,,,,,,,,,,,,,,,,,,,,,,,,,,,,,,,,,,,,,,,,,,,,,,,,,
,,Thorns boss halving factor,,0.5,,2.5,5000,,2.5,3,,,,,,,,,,,,,,,,,,,,,,,,,,,,,,,,,,,,,,,,,,,,,,,,,,,,,,,,,,,,,,,,,,,,,,,,,,,,,,,,,,,,
,,Wall Thorns Base,,0.13,,3,6000,,3,3.5999999999999996,,,,,,,,,,,,,,,,,,,,,,,,,,,,,,,,,,,,,,,,,,,,,,,,,,,,,,,,,,,,,,,,,,,,,,,,,,,,,,,,,,,,
,,,,,,,,,,,,,,,,,,,,,,,,,,,,,,,,,,,,,,,,,,,,,,,,,,,,,,,,,,,,,,,,,,,,,,,,,,,,,,,,,,,,,,,,,,,,,,
,,,,,,,,,,,,,,,,,,,,,,,,,,,,,,,,,,,,,,,,,,,,,,,,,,,,,,,,,,,,,,,,,,,,,,,,,,,,,,,,,,,,,,,,,,,,,,
,,,,,,,#REF!,HP,0.9,0.8,,,,,,,,,,,,,,,,,,,,,,,,,,,,,,,,,,,,,,,,,,,,,,,,,,,,,,,,,,,,,,,,,,,,,,,,,,,,,,,,,,,,
,,,,,,,,,,,,,,,,,,,,,,,,,,,,,,,,,,,,,,,,,,,,,,,,,,,,,,,,,,,,,,,,,,,,,,,,,,,,,,,,,,,,,,,,,,,,,,
,,,,,,,,,,,,,,,,,,,,,,,,,,,,,,,,,,,,,,,,,,,,,,,,,,,,,,,,,,,,,,,,,,,,,,,,,,,,,,,,,,,,,,,,,,,,,,
,,,,,,,,,,,,,,,,,,,,,,,,,,,,,,,,,,,,,,,,,,,,,,,,,,,,,,,,,,,,,,,,,,,,,,,,,,,,,,,,,,,,,,,,,,,,,,
,,,,,,,,,,,,,,,,,,,,,,,,,,,,,,,,,,,,,,,,,,,,,,,,,,,,,,,,,,,,,,,,,,,,,,,,,,,,,,,,,,,,,,,,,,,,,,
,,,,,,,,,,,,,,,,,,,,,,,,,,,,,,,,,,,,,,,,,,,,,,,,,,,,,,,,,,,,,,,,,,,,,,,,,,,,,,,,,,,,,,,,,,,,,,
,,,,,,,,,,,,,,,,,,,,,,,,,,,,,,,,,,,,,,,,,,,,,,,,,,,,,,,,,,,,,,,,,,,,,,,,,,,,,,,,,,,,,,,,,,,,,,
,,,,,,,,,,,,,,,,,,,,,,,,,,,,,,,,,,,,,,,,,,,,,,,,,,,,,,,,,,,,,,,,,,,,,,,,,,,,,,,,,,,,,,,,,,,,,,
,,Perks,,,,true,,,,,,,,,,,,,,,,,,,,,,,,,,,,,,,,,,,,,,,,,,,,,,,,,,,,,,,,,,,,,,,,,,,,,,,,,,,,,,,,,,,,,,,,
,,Name,,Quantity,Value,Active,,,,,,,,,,,,,,,,,,,,,,,,,,,,,,,,,,,,,,,,,,,,,,,,,,,,,,,,,,,,,,,,,,,,,,,,,,,,,,,,,,,,,,,,
,,Health,,5,2,true,,,,,,,,,,,,,,,,,,,,,,,,,,,,,,,,,,,,,,,,,,,,,,,,,,,,,,,,,,,,,,,,,,,,,,,,,,,,,,,,,,,,,,,,
,,Health Regen,,5,4.75,true,,,,,,,,,,,,,,,,,,,,,,,,,,,,,,,,,,,,,,,,,,,,,,,,,,,,,,,,,,,,,,,,,,,,,,,,,,,,,,,,,,,,,,,,
,,Extra Defense,,5,0.2,true,,,,,,,,,,,,,,,,,,,,,,,,,,,,,,,,,,,,,,,,,,,,,,,,,,,,,,,,,,,,,,,,,,,,,,,,,,,,,,,,,,,,,,,,
,,Absolute Defense,,5,1.75,true,,,,,,,,,,,,,,,,,,,,,,,,,,,,,,,,,,,,,,,,,,,,,,,,,,,,,,,,,,,,,,,,,,,,,,,,,,,,,,,,,,,,,,,,
,,E. Dmg -50% / Dmg -50%,,,-0.5,true,,,,,,,,,,,,,,,,,,,,,,,,,,,,,,,,,,,,,,,,,,,,,,,,,,,,,,,,,,,,,,,,,,,,,,,,,,,,,,,,,,,,,,,,
,,E. HP -50% / Rgn & Lifesteal -90%,,,-0.5,false,,,,,,,,,,,,,,,,,,,,,,,,,,,,,,,,,,,,,,,,,,,,,,,,,,,,,,,,,,,,,,,,,,,,,,,,,,,,,,,,,,,,,,,,
,,x1.8 Coin / Health -70%,,,1.8,true,,,,,,,,,,,,,,,,,,,,,,,,,,,,,,,,,,,,,,,,,,,,,,,,,,,,,,,,,,,,,,,,,,,,,,,,,,,,,,,,,,,,,,,,
,,Regen x8 / Health -60%,,,8,true,,,,,,,,,,,,,,,,,,,,,,,,,,,,,,,,,,,,,,,,,,,,,,,,,,,,,,,,,,,,,,,,,,,,,,,,,,,,,,,,,,,,,,,,
,,,,,,,,,,,,,,,,,,,,,,,,,,,,,,,,,,,,,,,,,,,,,,,,,,,,,,,,,,,,,,,,,,,,,,,,,,,,,,,,,,,,,,,,,,,,,,
,,User Specific Guesses,,,,,,,,,,,,,,,,,,,,,,,,,,,,,,,,,,,,,,,,,,,,,,,,,,,,,,,,,,,,,,,,,,,,,,,,,,,,,,,,,,,,,,,,,,,,
,,Enemies Attacking Together,,,,1,,,,,,,,,,,,,,,,,,,,,,,,,,,,,,,,,,,,,,,,,,,,,,,,,,,,,,,,,,,,,,,,,,,,,,,,,,,,,,,,,,,,,,,,
,,CL DMG does % of Total Damage:,,,,0.01,,,,,,,,,,,,,,,,,,,,,,,,,,,,,,,,,,,,,,,,,,,,,,,,,,,,,,,,,,,,,,,,,,,,,,,,,,,,,,,,,,,,,,,,
,,Ignore Target Levels,,,,true,,,,,,,,,,,,,,,,,,,,,,,,,,,,,,,,,,,,,,,,,,,,,,,,,,,,,,,,,,,,,,,,,,,,,,,,,,,,,,,,,,,,,,,,
,,,,,,,,,,,,,,,,,,,,,,,,,,,,,,,,,,,,,,,,,,,,,,,,,,,,,,,,,,,,,,,,,,,,,,,,,,,,,,,,,,,,,,,,,,,,,,
,,Cards?,,,,true,,,,,,,,,,,,,,,,,,,,,,,,,,,,,,,,,,,,,,,,,,,,,,,,,,,,,,,,,,,,,,,,,,,,,,,,,,,,,,,,,,,,,,,,
,,Compare Masteries at,,,Lvl 0,,,,,,,,,,,,,,,,,,,,,,,,,,,,,,,,,,,,,,,,,,,,,,,,,,,,,,,,,,,,,,,,,,,,,,,,,,,,,,,,,,,,,,,,,
,,Name,Level,Value,ROI / ?,Active,,,,,,,,,,,,,,,,,,,,,,,,,,,,,,,,,,,,,,,,,,,,,,,,,,,,,,,,,,,,,,,,,,,,,,,,,,,,,,,,,,,,,,,,
,,Health,7,4,,true,,,,,,,,,,,,,,,,,,,,,,,,,,,,,,,,,,,,,,,,,,,,,,,,,,,,,,,,,,,,,,,,,,,,,,,,,,,,,,,,,,,,,,,,
,,Health Mastery,,1.2,#VALUE!,false,,,,,,,,,,,,,,,,,,,,,,,,,,,,,,,,,,,,,,,,,,,,,,,,,,,,,,,,,,,,,,,,,,,,,,,,,,,,,,,,,,,,,,,,
,,Health Regen,7,2.6,,true,,,,,,,,,,,,,,,,,,,,,,,,,,,,,,,,,,,,,,,,,,,,,,,,,,,,,,,,,,,,,,,,,,,,,,,,,,,,,,,,,,,,,,,,
,,Health Regen Mastery,,1.4,#VALUE!,false,,,,,,,,,,,,,,,,,,,,,,,,,,,,,,,,,,,,,,,,,,,,,,,,,,,,,,,,,,,,,,,,,,,,,,,,,,,,,,,,,,,,,,,,
,,Extra Defense,7,0.11000000000000001,,true,,,,,,,,,,,,,,,,,,,,,,,,,,,,,,,,,,,,,,,,,,,,,,,,,,,,,,,,,,,,,,,,,,,,,,,,,,,,,,,,,,,,,,,,
,,Extra Defense Mastery,,0.006999999999999999,#VALUE!,false,,,,,,,,,,,,,,,,,,,,,,,,,,,,,,,,,,,,,,,,,,,,,,,,,,,,,,,,,,,,,,,,,,,,,,,,,,,,,,,,,,,,,,,,
,,Fortress,7,2.2,,false,,,,,,,,,,,,,,,,,,,,,,,,,,,,,,,,,,,,,,,,,,,,,,,,,,,,,,,,,,,,,,,,,,,,,,,,,,,,,,,,,,,,,,,,
,,Second Wind Mastery,,1.9,#VALUE!,false,,,,,,,,,,,,,,,,,,,,,,,,,,,,,,,,,,,,,,,,,,,,,,,,,,,,,,,,,,,,,,,,,,,,,,,,,,,,,,,,,,,,,,,,
,,,,,,,,,,,,,,,,,,,,,,,,,,,,,,,,,,,,,,,,,,,,,,,,,,,,,,,,,,,,,,,,,,,,,,,,,,,,,,,,,,,,,,,,,,,,,,
,,,Lab,,,Workshop ($),,,,Workshop+,,,Relics,Vault,,,,,,,,,,,,,,,,,,,,,,,,,,,,,,,,,,,,,,,,,,,,,,,,,,,,,,,,,,,,,,,,,,,,,,,,,,,,,,,,
,,,Current,Max,Value,Start,Value,End,Value,Current,Max,Value,,,,,,,,,,,,,,,,,,,,,,,,,,,,,,,,,,,,,,,,,,,,,,,,,,,,,,,,,,,,,,,,,,,,,,,,,,,,,,,,,,
,,Health,65,100,2.95,5700,3722038992.18371,6000,6709183277.54009,56,400,1.56,0.32,0,,,,,,,,,,,,,,,,,,,,,,,,,,,,,,,,,,,,,,,,,,,,,,,,,,,,,,,,,,,,,,,,,,,,,,,,,,,,,,,,
,,Health Regen,68,100,3.04,5900,7596350475.79444,6000,10170855374.9115,55,400,1.55,0.21000000000000002,0,,,,,,,,,,,,,,,,,,,,,,,,,,,,,,,,,,,,,,,,,,,,,,,,,,,,,,,,,,,,,,,,,,,,,,,,,,,,,,,,
,,Defense Absolute,14,100,1.42,5000,80214388.0521576,5000,80214388.0521576,0,400,1,0.26,0,,,,,,,,,,,,,,,,,,,,,,,,,,,,,,,,,,,,,,,,,,,,,,,,,,,,,,,,,,,,,,,,,,,,,,,,,,,,,,,,
,,Defense %,28,50,0.056,99,0.495,99,0.495,-,,,0.02,0,,,,,,,,,,,,,,,,,,,,,,,,,,,,,,,,,,,,,,,,,,,,,,,,,,,,,,,,,,,,,,,,,,,,,,,,,,,,,,,,
,,Wall Health,42,50,0.84,1340,1.54,1800,2,53,400,1.53,-,-,,,,,,,,,,,,,,,,,,,,,,,,,,,,,,,,,,,,,,,,,,,,,,,,,,,,,,,,,,,,,,,,,,,,,,,,,,,,,,,,
,,Wall Regen,21,30,2.1,-,,-,,-,,,-,-,,,,,,,,,,,,,,,,,,,,,,,,,,,,,,,,,,,,,,,,,,,,,,,,,,,,,,,,,,,,,,,,,,,,,,,,,,,,,,,,
,,Wall Fortification,41,60,9.200000000000001,-,,-,,-,,,-,-,,,,,,,,,,,,,,,,,,,,,,,,,,,,,,,,,,,,,,,,,,,,,,,,,,,,,,,,,,,,,,,,,,,,,,,,,,,,,,,,
,,Recovery Package Max,0,20,0,60,3.3,60,3.3,42,200,1.42,-,,,,,,,,,,,,,,,,,,,,,,,,,,,,,,,,,,,,,,,,,,,,,,,,,,,,,,,,,,,,,,,,,,,,,,,,,,,,,,,,,
,,Standard Perks Bonus,25,25,0.25,,,,,,,,,,,,,,,,,,,,,,,,,,,,,,,,,,,,,,,,,,,,,,,,,,,,,,,,,,,,,,,,,,,,,,,,,,,,,,,,,,,,,,,,,
,,Improve Trade-off Perks,10,10,0.1,,,,,,,,,,,,,,,,,,,,,,,,,,,,,,,,,,,,,,,,,,,,,,,,,,,,,,,,,,,,,,,,,,,,,,,,,,,,,,,,,,,,,,,,,
,,Chrono Field Reduction %,20,30,0.2,,,,,,,,,,,,,,,,,,,,,,,,,,,,,,,,,,,,,,,,,,,,,,,,,,,,,,,,,,,,,,,,,,,,,,,,,,,,,,,,,,,,,,,,,
,,Death Wave Health,30,30,12.5,,,,,,,,,,,,,,,,,,,,,,,,,,,,,,,,,,,,,,,,,,,,,,,,,,,,,,,,,,,,,,,,,,,,,,,,,,,,,,,,,,,,,,,,,
,,Chain Thunder,10,30,0.3,,,,,,,,,,,,,,,,,,,,,,,,,,,,,,,,,,,,,,,,,,,,,,,,,,,,,,,,,,,,,,,,,,,,,,,,,,,,,,,,,,,,,,,,,
,,Health Mastery,0,9,1.2,,,,,,,,,,,,,,,,,,,,,,,,,,,,,,,,,,,,,,,,,,,,,,,,,,,,,,,,,,,,,,,,,,,,,,,,,,,,,,,,,,,,,,,,,
,,Health Regen Mastery,0,9,1.4,,,,,,,,,,,,,,,,,,,,,,,,,,,,,,,,,,,,,,,,,,,,,,,,,,,,,,,,,,,,,,,,,,,,,,,,,,,,,,,,,,,,,,,,,
,,Extra Defense Mastery,0,9,0.006999999999999999,,,,,,,,,,,,,,,,,,,,,,,,,,,,,,,,,,,,,,,,,,,,,,,,,,,,,,,,,,,,,,,,,,,,,,,,,,,,,,,,,,,,,,,,,
,,Second Wind Mastery,0,9,1.9,,,,,,,,,,,,,,,,,,,,,,,,,,,,,,,,,,,,,,,,,,,,,,,,,,,,,,,,,,,,,,,,,,,,,,,,,,,,,,,,,,,,,,,,,
,,Assist Module Substats - Armor,0,30,0,,,,,,,,,,,,,,,,,,,,,,,,,,,,,,,,,,,,,,,,,,,,,,,,,,,,,,,,,,,,,,,,,,,,,,,,,,,,,,,,,,,,,,,,,
,,Assist Module Substats - Generator,0,30,0,,,,,,,,,,,,,,,,,,,,,,,,,,,,,,,,,,,,,,,,,,,,,,,,,,,,,,,,,,,,,,,,,,,,,,,,,,,,,,,,,,,,,,,,,
,,Assist Module Bonus - Armor,0,30,0,,,,,,,,,,,,,,,,,,,,,,,,,,,,,,,,,,,,,,,,,,,,,,,,,,,,,,,,,,,,,,,,,,,,,,,,,,,,,,,,,,,,,,,,,
,,,,,,,,,,,,,,,,,,,,,,,,,,,,,,,,,,,,,,,,,,,,,,,,,,,,,,,,,,,,,,,,,,,,,,,,,,,,,,,,,,,,,,,,,,,,,,
,,,,,,,,,,,,,,,,,,,,,,,,,,,,,,,,,,,,,,,,,,,,,,,,,,,,,,,,,,,,,,,,,,,,,,,,,,,,,,,,,,,,,,,,,,,,,,
,,,,,,,,,,,,,,,,,,,,,,,,,,,,,,,,,,,,,,,,,,,,,,,,,,,,,,,,,,,,,,,,,,,,,,,,,,,,,,,,,,,,,,,,,,,,,,
,,Modules,,Primary,,,Assist,,,,,,,,,,,,,,,,,,,,,,,,,,,,,,,,,,,,,,,,,,,,,,,,,,,,,,,,,,,,,,,,,,,,,,,,,,,,,,,,,,,,,,,
,,Cannon,,7.16,false,1,1,,,,,,,,,,,,,,,,,,,,,,,,,,,,,,,,,,,,,,,,,,,,,,,,,,,,,,,,,,,,,,,,,,,,,,,,,,,,,,,,,,,,,,,
,,Substat Compared To:,,,0,0,,,,,,,,,,,,,,,,,,,,,,,,,,,,,,,,,,,,,,,,,,,,,,,,,,,,,,,,,,,,,,,,,,,,,,,,,,,,,,,,,,,,,,,,
,,Astral Deliverance,,0,,,-,,0,,,,,,,,,,,,,,,,,,,,,,,,,,,,,,,,,,,,,,,,,,,,,,,,,,,,,,,,,,,,,,,,,,,,,,,,,,,,,,,,,,,,,
,,Being Annihilator,,0,,,-,,0,,,,,,,,,,,,,,,,,,,,,,,,,,,,,,,,,,,,,,,,,,,,,,,,,,,,,,,,,,,,,,,,,,,,,,,,,,,,,,,,,,,,,
,,Attack Speed,#REF!,3,,0,#REF!,,0,,,,,,,,,,,,,,,,,,,,,,,,,,,,,,,,,,,,,,,,,,,,,,,,,,,,,,,,,,,,,,,,,,,,,,,,,,,,,,,,,,,,,
,,Critical Chance,#REF!,0,,0,#REF!,,0,,,,,,,,,,,,,,,,,,,,,,,,,,,,,,,,,,,,,,,,,,,,,,,,,,,,,,,,,,,,,,,,,,,,,,,,,,,,,,,,,,,,,
,,Critical Factor,-,15,,0,#REF!,,0,,,,,,,,,,,,,,,,,,,,,,,,,,,,,,,,,,,,,,,,,,,,,,,,,,,,,,,,,,,,,,,,,,,,,,,,,,,,,,,,,,,,,
,,Attack Range,#REF!,0,,0,#REF!,,0,,,,,,,,,,,,,,,,,,,,,,,,,,,,,,,,,,,,,,,,,,,,,,,,,,,,,,,,,,,,,,,,,,,,,,,,,,,,,,,,,,,,,
,,Damage / Meter,#REF!,0,,0,#REF!,,0,,,,,,,,,,,,,,,,,,,,,,,,,,,,,,,,,,,,,,,,,,,,,,,,,,,,,,,,,,,,,,,,,,,,,,,,,,,,,,,,,,,,,
,,Super Crit Chance,#REF!,0,,0,#REF!,,0,,,,,,,,,,,,,,,,,,,,,,,,,,,,,,,,,,,,,,,,,,,,,,,,,,,,,,,,,,,,,,,,,,,,,,,,,,,,,,,,,,,,,
,,Super Crit Multi,#REF!,5,,0,#REF!,,0,,,,,,,,,,,,,,,,,,,,,,,,,,,,,,,,,,,,,,,,,,,,,,,,,,,,,,,,,,,,,,,,,,,,,,,,,,,,,,,,,,,,,
,,Max Rend Armor Multi,#REF!,0,,0,#REF!,,0,,,,,,,,,,,,,,,,,,,,,,,,,,,,,,,,,,,,,,,,,,,,,,,,,,,,,,,,,,,,,,,,,,,,,,,,,,,,,,,,,,,,,
,,MultiShot Chance,#REF!,0,,0,#REF!,,0,,,,,,,,,,,,,,,,,,,,,,,,,,,,,,,,,,,,,,,,,,,,,,,,,,,,,,,,,,,,,,,,,,,,,,,,,,,,,,,,,,,,,
,,Multishot Targets,-,4,,0,#REF!,,0,,,,,,,,,,,,,,,,,,,,,,,,,,,,,,,,,,,,,,,,,,,,,,,,,,,,,,,,,,,,,,,,,,,,,,,,,,,,,,,,,,,,,
,,Rapid Fire Chance,#REF!,0,,0,#REF!,,0,,,,,,,,,,,,,,,,,,,,,,,,,,,,,,,,,,,,,,,,,,,,,,,,,,,,,,,,,,,,,,,,,,,,,,,,,,,,,,,,,,,,,
,,Rapid Fire Duration,#REF!,0,,0,#REF!,,0,,,,,,,,,,,,,,,,,,,,,,,,,,,,,,,,,,,,,,,,,,,,,,,,,,,,,,,,,,,,,,,,,,,,,,,,,,,,,,,,,,,,,
,,Bounce Shot Chance,#REF!,0.09,,0,#REF!,,0,,,,,,,,,,,,,,,,,,,,,,,,,,,,,,,,,,,,,,,,,,,,,,,,,,,,,,,,,,,,,,,,,,,,,,,,,,,,,,,,,,,,,
,,Bounce Shot Targets,#REF!,0,,0,#REF!,,0,,,,,,,,,,,,,,,,,,,,,,,,,,,,,,,,,,,,,,,,,,,,,,,,,,,,,,,,,,,,,,,,,,,,,,,,,,,,,,,,,,,,,
,,,,,,,,,,,,,,,,,,,,,,,,,,,,,,,,,,,,,,,,,,,,,,,,,,,,,,,,,,,,,,,,,,,,,,,,,,,,,,,,,,,,,,,,,,,,,,
,,Generator,,-,,,,,,,,,,,,,,,,,,,,,,,,,,,,,,,,,,,,,,,,,,,,,,,,,,,,,,,,,,,,,,,,,,,,,,,,,,,,,,,,,,,,,,,,,,
,,Substat Compared To:,,,,,,,,,,,,,,,,,,,,,,,,,,,,,,,,,,,,,,,,,,,,,,,,,,,,,,,,,,,,,,,,,,,,,,,,,,,,,,,,,,,,,,,,,,,,
,,Galaxy Compressor,,0,,,,,,,,,,,,,,,,,,,,,,,,,,,,,,,,,,,,,,,,,,,,,,,,,,,,,,,,,,,,,,,,,,,,,,,,,,,,,,,,,,,,,,,,,,
,,Project Funding,,0,,,,,,,,,,,,,,,,,,,,,,,,,,,,,,,,,,,,,,,,,,,,,,,,,,,,,,,,,,,,,,,,,,,,,,,,,,,,,,,,,,,,,,,,,,
,,Black Hole Digestor,,No,,,-,,No,,,,,,,,,,,,,,,,,,,,,,,,,,,,,,,,,,,,,,,,,,,,,,,,,,,,,,,,,,,,,,,,,,,,,,,,,,,,,,,,,,,,,
,,Package Chance,#REF!,0.05,,0,#REF!,,#REF!,,,,,,,,,,,,,,,,,,,,,,,,,,,,,,,,,,,,,,,,,,,,,,,,,,,,,,,,,,,,,,,,,,,,,,,,,,,,,,,,,,,,,
,,Max Recovery,#REF!,0,,0,#REF!,,#REF!,,,,,,,,,,,,,,,,,,,,,,,,,,,,,,,,,,,,,,,,,,,,,,,,,,,,,,,,,,,,,,,,,,,,,,,,,,,,,,,,,,,,,
,,Enemy Attack Level Skip,#REF!,0.08,,0.06,#REF!,,#REF!,,,,,,,,,,,,,,,,,,,,,,,,,,,,,,,,,,,,,,,,,,,,,,,,,,,,,,,,,,,,,,,,,,,,,,,,,,,,,,,,,,,,,
,,Enemy Health Level Skip,#REF!,0.08,,0,#REF!,,#REF!,,,,,,,,,,,,,,,,,,,,,,,,,,,,,,,,,,,,,,,,,,,,,,,,,,,,,,,,,,,,,,,,,,,,,,,,,,,,,,,,,,,,,
,,Coins / Kill Bonus,-,0.6,,0.4,-,,26062014.55615044,,,,,,,,,,,,,,,,,,,,,,,,,,,,,,,,,,,,,,,,,,,,,,,,,,,,,,,,,,,,,,,,,,,,,,,,,,,,,,,,,,,,,
,,Package Chance,-,0.05,,0,-,,0,,,,,,,,,,,,,,,,,,,,,,,,,,,,,,,,,,,,,,,,,,,,,,,,,,,,,,,,,,,,,,,,,,,,,,,,,,,,,,,,,,,,,
,,Free Attack Upgrade,-,0,,0,-,,0,,,,,,,,,,,,,,,,,,,,,,,,,,,,,,,,,,,,,,,,,,,,,,,,,,,,,,,,,,,,,,,,,,,,,,,,,,,,,,,,,,,,,
,,Free Defense Upgrade,-,0,,0,-,,0,,,,,,,,,,,,,,,,,,,,,,,,,,,,,,,,,,,,,,,,,,,,,,,,,,,,,,,,,,,,,,,,,,,,,,,,,,,,,,,,,,,,,
,,Free Utility Upgrade,-,0.12,,0.08,-,,5212402.911230088,,,,,,,,,,,,,,,,,,,,,,,,,,,,,,,,,,,,,,,,,,,,,,,,,,,,,,,,,,,,,,,,,,,,,,,,,,,,,,,,,,,,,
,,,,,,,,,,,,,,,,,,,,,,,,,,,,,,,,,,,,,,,,,,,,,,,,,,,,,,,,,,,,,,,,,,,,,,,,,,,,,,,,,,,,,,,,,,,,,,
,,Armor,,,1,#REF!,#REF!,,,,,,,,,,,,,,,,,,,,,,,,,,,,,,,,,,,,,,,,,,,,,,,,,,,,,,,,,,,,,,,,,,,,,,,,,,,,,,,,,,,,,,,
,,Sharp Fortitude,,0,,,,,0,,,,,,,,,,,,,,,,,,,,,,,,,,,,,,,,,,,,,,,,,,,,,,,,,,,,,,,,,,,,,,,,,,,,,,,,,,,,,,,,,,,,,
,,Health Regen,-,4,,2,#REF!,,#REF!,,,,,,,,,,,,,,,,,,,,,,,,,,,,,,,,,,,,,,,,,,,,,,,,,,,,,,,,,,,,,,,,,,,,,,,,,,,,,,,,,,,,,
,,Defense %,-,0.08,,0.06,#REF!,,#REF!,,,,,,,,,,,,,,,,,,,,,,,,,,,,,,,,,,,,,,,,,,,,,,,,,,,,,,,,,,,,,,,,,,,,,,,,,,,,,,,,,,,,,
,,Defense Absolute,#REF!,0,,0,#REF!,,#REF!,,,,,,,,,,,,,,,,,,,,,,,,,,,,,,,,,,,,,,,,,,,,,,,,,,,,,,,,,,,,,,,,,,,,,,,,,,,,,,,,,,,,,
,,Wall Health,-,1.2,,0,#REF!,,#REF!,,,,,,,,,,,,,,,,,,,,,,,,,,,,,,,,,,,,,,,,,,,,,,,,,,,,,,,,,,,,,,,,,,,,,,,,,,,,,,,,,,,,,
,,,,,,,,,,,,,,,,,,,,,,,,,,,,,,,,,,,,,,,,,,,,,,,,,,,,,,,,,,,,,,,,,,,,,,,,,,,,,,,,,,,,,,,,,,,,,,
,,Core,,8.15,false,4.29,1,,,,,,,,,,,,,,,,,,,,,,,,,,,,,,,,,,,,,,,,,,,,,,,,,,,,,,,,,,,,,,,,,,,,,,,,,,,,,,,,,,,,,,,
,,Substat Compared To:,,,0,0,,,,,,,,,,,,,,,,,,,,,,,,,,,,,,,,,,,,,,,,,,,,,,,,,,,,,,,,,,,,,,,,,,,,,,,,,,,,,,,,,,,,,,,,
,,Dimension Core,,15,,,-,,0,,,,,,,,,,,,,,,,,,,,,,,,,,,,,,,,,,,,,,,,,,,,,,,,,,,,,,,,,,,,,,,,,,,,,,,,,,,,,,,,,,,,,
,,Multiverse Nexus,,No,,,,,No,,,,,,,,,,,,,,,,,,,,,,,,,,,,,,,,,,,,,,,,,,,,,,,,,,,,,,,,,,,,,,,,,,,,,,,,,,,,,,,,,,,,,
,,Golden Tower - Bonus,-,0,,0,-,,,,,,,,,,,,,,,,,,,,,,,,,,,,,,,,,,,,,,,,,,,,,,,,,,,,,,,,,,,,,,,,,,,,,,,,,,,,,,,,,,,,,,,
,,Golden Tower - Duration,-,0,,0,-,,0,,,,,,,,,,,,,,,,,,,,,,,,,,,,,,,,,,,,,,,,,,,,,,,,,,,,,,,,,,,,,,,,,,,,,,,,,,,,,,,,,,,,,
,,Golden Tower - Cooldown,-,0,,0,-,,0,,,,,,,,,,,,,,,,,,,,,,,,,,,,,,,,,,,,,,,,,,,,,,,,,,,,,,,,,,,,,,,,,,,,,,,,,,,,,,,,,,,,,
,,Death Wave - Damage,#REF!,0,,0,#REF!,,0,,,,,,,,,,,,,,,,,,,,,,,,,,,,,,,,,,,,,,,,,,,,,,,,,,,,,,,,,,,,,,,,,,,,,,,,,,,,,,,,,,,,,
,,Death Wave - Quantity,#REF!,0,,0,#REF!,,0,,,,,,,,,,,,,,,,,,,,,,,,,,,,,,,,,,,,,,,,,,,,,,,,,,,,,,,,,,,,,,,,,,,,,,,,,,,,,,,,,,,,,
,,Death Wave - Cooldown,#REF!,0,,0,#REF!,,0,,,,,,,,,,,,,,,,,,,,,,,,,,,,,,,,,,,,,,,,,,,,,,,,,,,,,,,,,,,,,,,,,,,,,,,,,,,,,,,,,,,,,
,,Black Hole - Duration,-,4,,0,-,,0,,,,,,,,,,,,,,,,,,,,,,,,,,,,,,,,,,,,,,,,,,,,,,,,,,,,,,,,,,,,,,,,,,,,,,,,,,,,,,,,,,,,,
,,Black Hole - Cooldown,-,-4,,0,-,,0,,,,,,,,,,,,,,,,,,,,,,,,,,,,,,,,,,,,,,,,,,,,,,,,,,,,,,,,,,,,,,,,,,,,,,,,,,,,,,,,,,,,,
,,Spotlight - Bonus,#REF!,15,,0,#REF!,,0,,,,,,,,,,,,,,,,,,,,,,,,,,,,,,,,,,,,,,,,,,,,,,,,,,,,,,,,,,,,,,,,,,,,,,,,,,,,,,,,,,,,,
,,Spotlight - Angle,#REF!,11,,0,#REF!,,0,,,,,,,,,,,,,,,,,,,,,,,,,,,,,,,,,,,,,,,,,,,,,,,,,,,,,,,,,,,,,,,,,,,,,,,,,,,,,,,,,,,,,
,,Smart Missiles - Damage,#REF!,0,,0,#REF!,,0,,,,,,,,,,,,,,,,,,,,,,,,,,,,,,,,,,,,,,,,,,,,,,,,,,,,,,,,,,,,,,,,,,,,,,,,,,,,,,,,,,,,,
,,Smart Missiles - Quantity,#REF!,0,,0,#REF!,,0,,,,,,,,,,,,,,,,,,,,,,,,,,,,,,,,,,,,,,,,,,,,,,,,,,,,,,,,,,,,,,,,,,,,,,,,,,,,,,,,,,,,,
,,Smart Missiles - Cooldown,#REF!,0,,0,#REF!,,0,,,,,,,,,,,,,,,,,,,,,,,,,,,,,,,,,,,,,,,,,,,,,,,,,,,,,,,,,,,,,,,,,,,,,,,,,,,,,,,,,,,,,
,,Chain Lightning - Damage,#REF!,0,,0,#REF!,,0,,,,,,,,,,,,,,,,,,,,,,,,,,,,,,,,,,,,,,,,,,,,,,,,,,,,,,,,,,,,,,,,,,,,,,,,,,,,,,,,,,,,,
,,Chain Lightning - Quantity,#REF!,3,,0,#REF!,,0,,,,,,,,,,,,,,,,,,,,,,,,,,,,,,,,,,,,,,,,,,,,,,,,,,,,,,,,,,,,,,,,,,,,,,,,,,,,,,,,,,,,,
,,Chain Lightning - Chance,#REF!,0.12,,0,#REF!,,0,,,,,,,,,,,,,,,,,,,,,,,,,,,,,,,,,,,,,,,,,,,,,,,,,,,,,,,,,,,,,,,,,,,,,,,,,,,,,,,,,,,,,
,,Poison Swamp - Damage,#REF!,0,,0,#REF!,,0,,,,,,,,,,,,,,,,,,,,,,,,,,,,,,,,,,,,,,,,,,,,,,,,,,,,,,,,,,,,,,,,,,,,,,,,,,,,,,,,,,,,,
,,Chrono Field - Speed Reduction,-,,,,-,,0,,,,,,,,,,,,,,,,,,,,,,,,,,,,,,,,,,,,,,,,,,,,,,,,,,,,,,,,,,,,,,,,,,,,,,,,,,,,,,,,,,,,,
,,,,,,,,,,,,,,,,,,,,,,,,,,,,,,,,,,,,,,,,,,,,,,,,,,,,,,,,,,,,,,,,,,,,,,,,,,,,,,,,,,,,,,,,,,,,,,
,,,,,,,,,,,,,,,,,,,,,,,,,,,,,,,,,,,,,,,,,,,,,,,,,,,,,,,,,,,,,,,,,,,,,,,,,,,,,,,,,,,,,,,,,,,,,,
,,,,,,,,,,,,,,,,,,,,,,,,,,,,,,,,,,,,,,,,,,,,,,,,,,,,,,,,,,,,,,,,,,,,,,,,,,,,,,,,,,,,,,,,,,,,,,
,,,,,,,,,,,,,,,,,,,,,,,,,,,,,,,,,,,,,,,,,,,,,,,,,,,,,,,,,,,,,,,,,,,,,,,,,,,,,,,,,,,,,,,,,,,,,,
,,,,,,,,,,,,,,,,,,,,,,,,,,,,,,,,,,,,,,,,,,,,,,,,,,,,,,,,,,,,,,,,,,,,,,,,,,,,,,,,,,,,,,,,,,,,,,
,,,,,,,,,,,,,,,,,,,,,,,,,,,,,,,,,,,,,,,,,,,,,,,,,,,,,,,,,,,,,,,,,,,,,,,,,,,,,,,,,,,,,,,,,,,,,,
,,,,Total Value,Base Value,Math Value,,,,,,,,,,,,,,,,,,,,,,,,,,,,,,,,,,,,,,,,,,,,,,,,,,,,,,,,,,,,,,,,,,,,,,,,,,,,,,,,,,,,,,,,
,,Damage,,#REF!,#REF!,#REF!,,,,,,,,,,,,,,,,,,,,,,,,,,,,,,,,,,,,,,,,,,,,,,,,,,,,,,,,,,,,,,,,,,,,,,,,,,,,,,,,,,,,,,,,
,,Attack Speed ??,,#VALUE!,,,,,,,,,,,,,,,,,,,,,,,,,,,,,,,,,,,,,,,,,,,,,,,,,,,,,,,,,,,,,,,,,,,,,,,,,,,,,,,,,,,,,,,,,,
,,Critical Chance,,#REF!,#REF!,#REF!,,,,,,,,,,,,,,,,,,,,,,,,,,,,,,,,,,,,,,,,,,,,,,,,,,,,,,,,,,,,,,,,,,,,,,,,,,,,,,,,,,,,,,,,
,,Critical Factor,,#REF!,#REF!,#REF!,,,,,,,,,,,,,,,,,,,,,,,,,,,,,,,,,,,,,,,,,,,,,,,,,,,,,,,,,,,,,,,,,,,,,,,,,,,,,,,,,,,,,,,,
,,Range,true,#REF!,,,,,,,,,,,,,,,,,,,,,,,,,,,,,,,,,,,,,,,,,,,,,,,,,,,,,,,,,,,,,,,,,,,,,,,,,,,,,,,,,,,,,,,,,,
,,Damage / Meter,,#N/A,,,,,,,,,,,,,,,,,,,,,,,,,,,,,,,,,,,,,,,,,,,,,,,,,,,,,,,,,,,,,,,,,,,,,,,,,,,,,,,,,,,,,,,,,,
,,Multishot Chance,,7.642220000000005,,,,,,,,,,,,,,,,,,,,,,,,,,,,,,,,,,,,,,,,,,,,,,,,,,,,,,,,,,,,,,,,,,,,,,,,,,,,,,,,,,,,,,,,,,
,,Multishot Targets,,1524,,,,,,,,,,,,,,,,,,,,,,,,,,,,,,,,,,,,,,,,,,,,,,,,,,,,,,,,,,,,,,,,,,,,,,,,,,,,,,,,,,,,,,,,,,
,,Rapid Fire Chance,,6.602320000000006,,,,,,,,,,,,,,,,,,,,,,,,,,,,,,,,,,,,,,,,,,,,,,,,,,,,,,,,,,,,,,,,,,,,,,,,,,,,,,,,,,,,,,,,,,
,,Rapid Fire Duration,,81.39017,,,,,,,,,,,,,,,,,,,,,,,,,,,,,,,,,,,,,,,,,,,,,,,,,,,,,,,,,,,,,,,,,,,,,,,,,,,,,,,,,,,,,,,,,,
,,Bounce Shot Chance,,13.180220000000007,,,,,,,,,,,,,,,,,,,,,,,,,,,,,,,,,,,,,,,,,,,,,,,,,,,,,,,,,,,,,,,,,,,,,,,,,,,,,,,,,,,,,,,,,,
,,Bounce Shot Targets,,#REF!,,,,,,,,,,,,,,,,,,,,,,,,,,,,,,,,,,,,,,,,,,,,,,,,,,,,,,,,,,,,,,,,,,,,,,,,,,,,,,,,,,,,,,,,,,
,,Super Crit Chance,,#REF!,#REF!,#REF!,,,,,,,,,,,,,,,,,,,,,,,,,,,,,,,,,,,,,,,,,,,,,,,,,,,,,,,,,,,,,,,,,,,,,,,,,,,,,,,,,,,,,,,,
,,Super Crit Multiplier,,#REF!,#REF!,#REF!,,,,,,,,,,,,,,,,,,,,,,,,,,,,,,,,,,,,,,,,,,,,,,,,,,,,,,,,,,,,,,,,,,,,,,,,,,,,,,,,,,,,,,,,
,,Max Rend Mult ??,#REF!,#REF!,,#REF!,,,,,,,,,,,,,,,,,,,,,,,,,,,,,,,,,,,,,,,,,,,,,,,,,,,,,,,,,,,,,,,,,,,,,,,,,,,,,,,,,,,,,,,,
,,Recovery Package Chance,,#REF!,#REF!,#REF!,,,,,,,,,,,,,,,,,,,,,,,,,,,,,,,,,,,,,,,,,,,,,,,,,,,,,,,,,,,,,,,,,,,,,,,,,,,,,,,,,,,,,,,,
,,Package After Boss,,,,#REF!,,,,,,,,,,,,,,,,,,,,,,,,,,,,,,,,,,,,,,,,,,,,,,,,,,,,,,,,,,,,,,,,,,,,,,,,,,,,,,,,,,,,,,,,
,,Standard Perk Bonus,,,,,,,,,,,,,,,,,,,,,,,,,,,,,,,,,,,,,,,,,,,,,,,,,,,,,,,,,,,,,,,,,,,,,,,,,,,,,,,,,,,,,,,,,,,,
,,Improved Trade-Off Perks,,,,,,,,,,,,,,,,,,,,,,,,,,,,,,,,,,,,,,,,,,,,,,,,,,,,,,,,,,,,,,,,,,,,,,,,,,,,,,,,,,,,,,,,,,,,
,,Death Wave Damage Ampl.,,,,,,,,,,,,,,,,,,,,,,,,,,,,,,,,,,,,,,,,,,,,,,,,,,,,,,,,,,,,,,,,,,,,,,,,,,,,,,,,,,,,,,,,,,,,
,,Shock Mult ??,#REF!,,,,,,,,,,,,,,,,,,,,,,,,,,,,,,,,,,,,,,,,,,,,,,,,,,,,,,,,,,,,,,,,,,,,,,,,,,,,,,,,,,,,,,,,,,,
,,Shock Chance,,#REF!,,,,,,,,,,,,,,,,,,,,,,,,,,,,,,,,,,,,,,,,,,,,,,,,,,,,,,,,,,,,,,,,,,,,,,,,,,,,,,,,,,,,,,,,,,
,,Missile Amplifier ??,,,,,,,,,,,,,,,,,,,,,,,,,,,,,,,,,,,,,,,,,,,,,,,,,,,,,,,,,,,,,,,,,,,,,,,,,,,,,,,,,,,,,,,,,,,,
,,Super Tower,,,,,,,,,,,,,,,,,,,,,,,,,,,,,,,,,,,,,,,,,,,,,,,,,,,,,,,,,,,,,,,,,,,,,,,,,,,,,,,,,,,,,,,,,,,,
,,,,,,,,,,,,,,,,,,,,,,,,,,,,,,,,,,,,,,,,,,,,,,,,,,,,,,,,,,,,,,,,,,,,,,,,,,,,,,,,,,,,,,,,,,,,,,
,,Package Chance,,,,,,,,,,,,,,,,,,,,,,,,,,,,,,,,,,,,,,,,,,,,,,,,,,,,,,,,,,,,,,,,,,,,,,,,,,,,,,,,,,,,,,,,,,,,
,,WS,,,,,,,,,,,,,,,,,,,,,,,,,,,,,,,,,,,,,,,,,,,,,,,,,,,,,,,,,,,,,,,,,,,,,,,,,,,,,,,,,,,,,,,,,,,,
,,Card,,,,,,,,,,,,,,,,,,,,,,,,,,,,,,,,,,,,,,,,,,,,,,,,,,,,,,,,,,,,,,,,,,,,,,,,,,,,,,,,,,,,,,,,,,,,
,,Mod,,,,,,,,,,,,,,,,,,,,,,,,,,,,,,,,,,,,,,,,,,,,,,,,,,,,,,,,,,,,,,,,,,,,,,,,,,,,,,,,,,,,,,,,,,,,
,,Lab,,,,,,,,,,,,,,,,,,,,,,,,,,,,,,,,,,,,,,,,,,,,,,,,,,,,,,,,,,,,,,,,,,,,,,,,,,,,,,,,,,,,,,,,,,,,
,,,,,,,,,,,,,,,,,,,,,,,,,,,,,,,,,,,,,,,,,,,,,,,,,,,,,,,,,,,,,,,,,,,,,,,,,,,,,,,,,,,,,,,,,,,,,,
,,,,,,,,,,,,,,,,,,,,,,,,,,,,,,,,,,,,,,,,,,,,,,,,,,,,,,,,,,,,,,,,,,,,,,,,,,,,,,,,,,,,,,,,,,,,,,
,,Chain Lightning,,Unlocked,,,,,,,,,,,,,,,,,,,,,,,,,,,,,,,,,,,,,,,,,,,,,,,,,,,,,,,,,,,,,,,,,,,,,,,,,,,,,,,,,,,,,,,,,,
,,,,Current Value,-,Sub,Total,With Perk,,,,,,,,,,,,,,,,,,,,,,,,,,,,,,,,,,,,,,,,,,,,,,,,,,,,,,,,,,,,,,,,,,,,,,,,,,,,,,,,,,,,,,
,,,Damage,,,0,0,0,,,,,,,,,,,,,,,,,,,,,,,,,,,,,,,,,,,,,,,,,,,,,,,,,,,,,,,,,,,,,,,,,,,,,,,,,,,,,,,,,,,,,,
,,,Quantity,,,0,0,,,,,,,,,,,,,,,,,,,,,,,,,,,,,,,,,,,,,,,,,,,,,,,,,,,,,,,,,,,,,,,,,,,,,,,,,,,,,,,,,,,,,,,
,,,Chance,,,0,0,,,,,,,,,,,,,,,,,,,,,,,,,,,,,,,,,,,,,,,,,,,,,,,,,,,,,,,,,,,,,,,,,,,,,,,,,,,,,,,,,,,,,,,
,,,Smite,,,,,,,,,,,,,,,,,,,,,,,,,,,,,,,,,,,,,,,,,,,,,,,,,,,,,,,,,,,,,,,,,,,,,,,,,,,,,,,,,,,,,,,,,,,
,,,,,,,,,,,,,,,,,,,,,,,,,,,,,,,,,,,,,,,,,,,,,,,,,,,,,,,,,,,,,,,,,,,,,,,,,,,,,,,,,,,,,,,,,,,,,,
,,Smart Missiles,,Unlocked,,,,,,,,,,,,,,,,,,,,,,,,,,,,,,,,,,,,,,,,,,,,,,,,,,,,,,,,,,,,,,,,,,,,,,,,,,,,,,,,,,,,,,,,,,
,,,,Current Value,-,Sub,Total,With Perk,,,,,,,,,,,,,,,,,,,,,,,,,,,,,,,,,,,,,,,,,,,,,,,,,,,,,,,,,,,,,,,,,,,,,,,,,,,,,,,,,,,,,,
,,,Damage,,,0,0,,,,,,,,,,,,,,,,,,,,,,,,,,,,,,,,,,,,,,,,,,,,,,,,,,,,,,,,,,,,,,,,,,,,,,,,,,,,,,,,,,,,,,,
,,,Quantity,,,0,0,4,,,,,,,,,,,,,,,,,,,,,,,,,,,,,,,,,,,,,,,,,,,,,,,,,,,,,,,,,,,,,,,,,,,,,,,,,,,,,,,,,,,,,,
,,,Cooldown,,,0,0,,,,,,,,,,,,,,,,,,,,,,,,,,,,,,,,,,,,,,,,,,,,,,,,,,,,,,,,,,,,,,,,,,,,,,,,,,,,,,,,,,,,,,,
,,,Cover Fire,,,,,,,,,,,,,,,,,,,,,,,,,,,,,,,,,,,,,,,,,,,,,,,,,,,,,,,,,,,,,,,,,,,,,,,,,,,,,,,,,,,,,,,,,,,
,,,,,,,,,,,,,,,,,,,,,,,,,,,,,,,,,,,,,,,,,,,,,,,,,,,,,,,,,,,,,,,,,,,,,,,,,,,,,,,,,,,,,,,,,,,,,,
,,Death Wave,,Unlocked,,,,,,,,,,,,,,,,,,,,,,,,,,,,,,,,,,,,,,,,,,,,,,,,,,,,,,,,,,,,,,,,,,,,,,,,,,,,,,,,,,,,,,,,,,
,,,,Current Value,-,Sub,Total,With Perk,,,,,,,,,,,,,,,,,,,,,,,,,,,,,,,,,,,,,,,,,,,,,,,,,,,,,,,,,,,,,,,,,,,,,,,,,,,,,,,,,,,,,,
,,,Damage,,,0,0,,,,,,,,,,,,,,,,,,,,,,,,,,,,,,,,,,,,,,,,,,,,,,,,,,,,,,,,,,,,,,,,,,,,,,,,,,,,,,,,,,,,,,,
,,,Quantity,,,0,0,1,,,,,,,,,,,,,,,,,,,,,,,,,,,,,,,,,,,,,,,,,,,,,,,,,,,,,,,,,,,,,,,,,,,,,,,,,,,,,,,,,,,,,,
,,,Cooldown,,,0,0,,,,,,,,,,,,,,,,,,,,,,,,,,,,,,,,,,,,,,,,,,,,,,,,,,,,,,,,,,,,,,,,,,,,,,,,,,,,,,,,,,,,,,,
,,,Kill Wall,,,,,,,,,,,,,,,,,,,,,,,,,,,,,,,,,,,,,,,,,,,,,,,,,,,,,,,,,,,,,,,,,,,,,,,,,,,,,,,,,,,,,,,,,,,
,,,,,,,,,,,,,,,,,,,,,,,,,,,,,,,,,,,,,,,,,,,,,,,,,,,,,,,,,,,,,,,,,,,,,,,,,,,,,,,,,,,,,,,,,,,,,,
,,Chrono Field,,Unlocked,,,,,,,,,,,,,,,,,,,,,,,,,,,,,,,,,,,,,,,,,,,,,,,,,,,,,,,,,,,,,,,,,,,,,,,,,,,,,,,,,,,,,,,,,,
,,,,Current Value,Lab,Sub,Total,With Perk,,,,,,,,,,,,,,,,,,,,,,,,,,,,,,,,,,,,,,,,,,,,,,,,,,,,,,,,,,,,,,,,,,,,,,,,,,,,,,,,,,,,,,
,,,Duration,,,0,0,5,,,,,,,,,,,,,,,,,,,,,,,,,,,,,,,,,,,,,,,,,,,,,,,,,,,,,,,,,,,,,,,,,,,,,,,,,,,,,,,,,,,,,,
,,,Speed Reduction,,,0,0,,,,,,,,,,,,,,,,,,,,,,,,,,,,,,,,,,,,,,,,,,,,,,,,,,,,,,,,,,,,,,,,,,,,,,,,,,,,,,,,,,,,,,,
,,,Cooldown,,,0,0,,,,,,,,,,,,,,,,,,,,,,,,,,,,,,,,,,,,,,,,,,,,,,,,,,,,,,,,,,,,,,,,,,,,,,,,,,,,,,,,,,,,,,,
,,,Chrono Loop,,,,,,,,,,,,,,,,,,,,,,,,,,,,,,,,,,,,,,,,,,,,,,,,,,,,,,,,,,,,,,,,,,,,,,,,,,,,,,,,,,,,,,,,,,,
,,,,,,,,,,,,,,,,,,,,,,,,,,,,,,,,,,,,,,,,,,,,,,,,,,,,,,,,,,,,,,,,,,,,,,,,,,,,,,,,,,,,,,,,,,,,,,
,,Inner Land Mines,,Unlocked,,,,,,,,,,,,,,,,,,,,,,,,,,,,,,,,,,,,,,,,,,,,,,,,,,,,,,,,,,,,,,,,,,,,,,,,,,,,,,,,,,,,,,,,,,
,,,,Current Value,-,Sub,Total,With Perk,,,,,,,,,,,,,,,,,,,,,,,,,,,,,,,,,,,,,,,,,,,,,,,,,,,,,,,,,,,,,,,,,,,,,,,,,,,,,,,,,,,,,,
,,,Damage,,,0,0,,,,,,,,,,,,,,,,,,,,,,,,,,,,,,,,,,,,,,,,,,,,,,,,,,,,,,,,,,,,,,,,,,,,,,,,,,,,,,,,,,,,,,,
,,,Quantity,,,0,0,6,,,,,,,,,,,,,,,,,,,,,,,,,,,,,,,,,,,,,,,,,,,,,,,,,,,,,,,,,,,,,,,,,,,,,,,,,,,,,,,,,,,,,,
,,,Cooldown,,,0,0,,,,,,,,,,,,,,,,,,,,,,,,,,,,,,,,,,,,,,,,,,,,,,,,,,,,,,,,,,,,,,,,,,,,,,,,,,,,,,,,,,,,,,,
,,,Charged Mines,,,,,,,,,,,,,,,,,,,,,,,,,,,,,,,,,,,,,,,,,,,,,,,,,,,,,,,,,,,,,,,,,,,,,,,,,,,,,,,,,,,,,,,,,,,
,,,,,,,,,,,,,,,,,,,,,,,,,,,,,,,,,,,,,,,,,,,,,,,,,,,,,,,,,,,,,,,,,,,,,,,,,,,,,,,,,,,,,,,,,,,,,,
,,Golden Tower,,Unlocked,,,,,,,,,,,,,,,,,,,,,,,,,,,,,,,,,,,,,,,,,,,,,,,,,,,,,,,,,,,,,,,,,,,,,,,,,,,,,,,,,,,,,,,,,,
,,,,Current Value,Lab,Sub,Total,With Perk,,,,,,,,,,,,,,,,,,,,,,,,,,,,,,,,,,,,,,,,,,,,,,,,,,,,,,,,,,,,,,,,,,,,,,,,,,,,,,,,,,,,,,
,,,Bonus,,,0,0,0,,,,,,,,,,,,,,,,,,,,,,,,,,,,,,,,,,,,,,,,,,,,,,,,,,,,,,,,,,,,,,,,,,,,,,,,,,,,,,,,,,,,,,
,,,Duration,,,0,0,,,,,,,,,,,,,,,,,,,,,,,,,,,,,,,,,,,,,,,,,,,,,,,,,,,,,,,,,,,,,,,,,,,,,,,,,,,,,,,,,,,,,,,
,,,Cooldown,,,0,0,,,,,,,,,,,,,,,,,,,,,,,,,,,,,,,,,,,,,,,,,,,,,,,,,,,,,,,,,,,,,,,,,,,,,,,,,,,,,,,,,,,,,,,
,,,Golden Combo,,,,,,,,,,,,,,,,,,,,,,,,,,,,,,,,,,,,,,,,,,,,,,,,,,,,,,,,,,,,,,,,,,,,,,,,,,,,,,,,,,,,,,,,,,,
,,,,,,,,,,,,,,,,,,,,,,,,,,,,,,,,,,,,,,,,,,,,,,,,,,,,,,,,,,,,,,,,,,,,,,,,,,,,,,,,,,,,,,,,,,,,,,
,,Poison Swamp,,Unlocked,,,,,,,,,,,,,,,,,,,,,,,,,,,,,,,,,,,,,,,,,,,,,,,,,,,,,,,,,,,,,,,,,,,,,,,,,,,,,,,,,,,,,,,,,,
,,,,Current Value,Lab,Sub,Total,-,,,,,,,,,,,,,,,,,,,,,,,,,,,,,,,,,,,,,,,,,,,,,,,,,,,,,,,,,,,,,,,,,,,,,,,,,,,,,,,,,,,,,,
,,,Damage,,,0,0,,,,,,,,,,,,,,,,,,,,,,,,,,,,,,,,,,,,,,,,,,,,,,,,,,,,,,,,,,,,,,,,,,,,,,,,,,,,,,,,,,,,,,,
,,,Duration,,,0,#VALUE!,,,,,,,,,,,,,,,,,,,,,,,,,,,,,,,,,,,,,,,,,,,,,,,,,,,,,,,,,,,,,,,,,,,,,,,,,,,,,,,,,,,,,,,
,,,Cooldown,,,0,#VALUE!,,,,,,,,,,,,,,,,,,,,,,,,,,,,,,,,,,,,,,,,,,,,,,,,,,,,,,,,,,,,,,,,,,,,,,,,,,,,,,,,,,,,,,,
,,,Death Creep,,,,,,,,,,,,,,,,,,,,,,,,,,,,,,,,,,,,,,,,,,,,,,,,,,,,,,,,,,,,,,,,,,,,,,,,,,,,,,,,,,,,,,,,,,,
,,,,,,,,,,,,,,,,,,,,,,,,,,,,,,,,,,,,,,,,,,,,,,,,,,,,,,,,,,,,,,,,,,,,,,,,,,,,,,,,,,,,,,,,,,,,,,
,,Black Hole,,Unlocked,,,,,,,,,,,,,,,,,,,,,,,,,,,,,,,,,,,,,,,,,,,,,,,,,,,,,,,,,,,,,,,,,,,,,,,,,,,,,,,,,,,,,,,,,,
,,,,Current Value,-,Sub,Total,With Perk,,,,,,,,,,,,,,,,,,,,,,,,,,,,,,,,,,,,,,,,,,,,,,,,,,,,,,,,,,,,,,,,,,,,,,,,,,,,,,,,,,,,,,
,,,Size,,,0,0,,,,,,,,,,,,,,,,,,,,,,,,,,,,,,,,,,,,,,,,,,,,,,,,,,,,,,,,,,,,,,,,,,,,,,,,,,,,,,,,,,,,,,,
,,,Duration,,,0,0,12,,,,,,,,,,,,,,,,,,,,,,,,,,,,,,,,,,,,,,,,,,,,,,,,,,,,,,,,,,,,,,,,,,,,,,,,,,,,,,,,,,,,,,
,,,Cooldown,,,0,0,,,,,,,,,,,,,,,,,,,,,,,,,,,,,,,,,,,,,,,,,,,,,,,,,,,,,,,,,,,,,,,,,,,,,,,,,,,,,,,,,,,,,,,
,,,Consume,,,,,,,,,,,,,,,,,,,,,,,,,,,,,,,,,,,,,,,,,,,,,,,,,,,,,,,,,,,,,,,,,,,,,,,,,,,,,,,,,,,,,,,,,,,
,,,,,,,,,,,,,,,,,,,,,,,,,,,,,,,,,,,,,,,,,,,,,,,,,,,,,,,,,,,,,,,,,,,,,,,,,,,,,,,,,,,,,,,,,,,,,,
,,Spotlight,,Unlocked,,,,,,,,,,,,,,,,,,,,,,,,,,,,,,,,,,,,,,,,,,,,,,,,,,,,,,,,,,,,,,,,,,,,,,,,,,,,,,,,,,,,,,,,,,
,,,,Current Value,-,Sub,Total,With Perk,,,,,,,,,,,,,,,,,,,,,,,,,,,,,,,,,,,,,,,,,,,,,,,,,,,,,,,,,,,,,,,,,,,,,,,,,,,,,,,,,,,,,,
,,,Bonus,,,0,0,0,,,,,,,,,,,,,,,,,,,,,,,,,,,,,,,,,,,,,,,,,,,,,,,,,,,,,,,,,,,,,,,,,,,,,,,,,,,,,,,,,,,,,,
,,,Angle,,,0,0,,,,,,,,,,,,,,,,,,,,,,,,,,,,,,,,,,,,,,,,,,,,,,,,,,,,,,,,,,,,,,,,,,,,,,,,,,,,,,,,,,,,,,,
,,,Count,,,,,,,,,,,,,,,,,,,,,,,,,,,,,,,,,,,,,,,,,,,,,,,,,,,,,,,,,,,,,,,,,,,,,,,,,,,,,,,,,,,,,,,,,,,
,,,Light Range,,,,,,,,,,,,,,,,,,,,,,,,,,,,,,,,,,,,,,,,,,,,,,,,,,,,,,,,,,,,,,,,,,,,,,,,,,,,,,,,,,,,,,,,,,,