,,,,,,,,,,,,,,,,,248310000000000,4650000000000000,49380000000000,2e+24,1020000
,Days,Date,LTC,LTS,,eHP,,Wall Regen,,eDamage,,Econ,,Bot Medals,,,LTC,eHP,Wall Regen,eDamage,Econ
,0,Mon Aug 11 2025 19:00:00 GMT-0500 (Central Daylight Time),,,,4.65q,,,,5.25s,,1.02M,,,,,,1,,0.0026249999999999997,1
,1,Tue Aug 12 2025 19:00:00 GMT-0500 (Central Daylight Time),,,,5.46q,,49.38T,,23.33s,,1.16M,,,,,,1.1741935483870967,1,0.011665,1.1372549019607843
,8,Tue Aug 19 2025 19:00:00 GMT-0500 (Central Daylight Time),,,,5.58q,,52.47T,,27.05s,,1.16M,,,,,,1.2,1.0625759416767921,0.013525,1.1372549019607843
,15,Tue Aug 26 2025 19:00:00 GMT-0500 (Central Daylight Time),,,,6.02q,,55.55T,,28.75s,,1.16M,,,,,,1.2946236559139785,1.1249493722154718,0.014375,1.1372549019607843
,22,Tue Sep 02 2025 19:00:00 GMT-0500 (Central Daylight Time),,,,6.02q,,59.19T,,30.14s,,1.08M,,,,,,1.2946236559139785,1.1986634264884568,0.01507,1.0588235294117647
,29,Tue Sep 09 2025 19:00:00 GMT-0500 (Central Daylight Time),,,,9.27q,,67.12T,,50.67s,,1.33M,,,,,,1.9935483870967743,1.3592547590117459,0.025335,1.303921568627451
,33,Sat Sep 13 2025 19:00:00 GMT-0500 (Central Daylight Time),,,,,,70.85T,,,,1.41M,,,,,,1.9935483870967743,1.434791413527744,0.025335,1.3823529411764706
,38,Thu Sep 18 2025 19:00:00 GMT-0500 (Central Daylight Time),248.31T,10178,,9.6q,Chain Thunder,,,,,1.71M,Max BH CD,,,,1,2.064516129032258,1.434791413527744,0.025335,1.6764705882352942
,40,Sat Sep 20 2025 19:00:00 GMT-0500 (Central Daylight Time),,,,,,,,2.5S,Anc Amp Strike,,,,,,1,2.064516129032258,1.434791413527744,1.2499999999999998,1.6764705882352942
,45,Thu Sep 25 2025 19:00:00 GMT-0500 (Central Daylight Time),,,,10.75q,,75.1T,,3.01S,Crit Chance Relic,1.5M,"Swap to PC, GB Sync",,,,1,2.3118279569892475,1.5208586472255974,1.505,1.4705882352941178
,47,Sat Sep 27 2025 19:00:00 GMT-0500 (Central Daylight Time),,,,,,,,3.32S,,1.79M,,,,,1,2.3118279569892475,1.5208586472255974,1.66,1.7549019607843137
,54,Sat Oct 04 2025 19:00:00 GMT-0500 (Central Daylight Time),,,,,,,,2.73S,CL damage mistake,2.18M,Swap to T11,,,,1,2.3118279569892475,1.5208586472255974,1.3650000000000002,2.1372549019607843
,55,Sun Oct 05 2025 19:00:00 GMT-0500 (Central Daylight Time),,,,12.25q,"Labs, Path change ",,,3.66S,DC sub upgrade (mythic SL damage + mythic CL Qty) ,2.5M,"Labs, Path Change",,,,1,2.6344086021505375,1.5208586472255974,1.83,2.450980392156863
,57,Tue Oct 07 2025 19:00:00 GMT-0500 (Central Daylight Time),,,,,,,,4.96S,SCM unlock in WS+,,,,,,1,2.6344086021505375,1.5208586472255974,2.48,2.450980392156863
,60,Fri Oct 10 2025 19:00:00 GMT-0500 (Central Daylight Time),,,,,,,,10.55S,"Path Change, more SCM+",,,,,,1,2.6344086021505375,1.5208586472255974,5.2749999999999995,2.450980392156863
,61,Sat Oct 11 2025 19:00:00 GMT-0500 (Central Daylight Time),,,,,,,,15.52S,3rd Spotlight,,,,,,1,2.6344086021505375,1.5208586472255974,7.76,2.450980392156863
,63,Mon Oct 13 2025 19:00:00 GMT-0500 (Central Daylight Time),427.65T,11173,,,,,,,,3.4M,"T13 Coin relic, 3rd spotlight, Labs",,,,1.7222423583423947,2.6344086021505375,1.5208586472255974,7.76,3.3333333333333335
,64,Tue Oct 14 2025 19:00:00 GMT-0500 (Central Daylight Time),,,,13.54q,"Module lvls, WS+",78.63T,WS+,18.38S,Module Levels,4.18M,"Anc PH, GB Sync 100s",,,,1.7222423583423947,2.911827956989247,1.5923450789793439,9.19,4.098039215686274
,67,Fri Oct 17 2025 19:00:00 GMT-0500 (Central Daylight Time),,,,18.2q,Def % relic,,,,,5.1M,"GT Bonus x2, SL angle",,,,1.7222423583423947,3.913978494623656,1.5923450789793439,9.19,5
,70,Mon Oct 20 2025 19:00:00 GMT-0500 (Central Daylight Time),,,,,,,,,,6.83M,"T12, Labs",,,,1.7222423583423947,3.913978494623656,1.5923450789793439,9.19,6.696078431372549
,75,Sat Oct 25 2025 19:00:00 GMT-0500 (Central Daylight Time),,,,22.95q,Def % Labs,,,20.31S,,7.73M,Labs,,,,1.7222423583423947,4.935483870967742,1.5923450789793439,10.155,7.578431372549019
,79,Wed Oct 29 2025 19:00:00 GMT-0500 (Central Daylight Time),,,,28.04q,Def % Labs,79.47T,,32.03S,Ult Crit Card 3* -> 5*,8.47M,,,,,1.7222423583423947,6.030107526881721,1.609356014580802,16.015,8.303921568627452
,86,Wed Nov 05 2025 18:00:00 GMT-0600 (Central Standard Time),,,,,,,,,,12.24M,GB sync @ 90s,,,,1.7222423583423947,6.030107526881721,1.609356014580802,16.015,12
,87,Thu Nov 06 2025 18:00:00 GMT-0600 (Central Standard Time),,,,,,,,,,13.54M,CpK & DW Labs,,,,1.7222423583423947,6.030107526881721,1.609356014580802,16.015,13.27450980392157
,88,Fri Nov 07 2025 18:00:00 GMT-0600 (Central Standard Time),,,,29.94q,Def % Labs,79.47T,,32.04S,,9.14M,75% > 35% die in GB,,,,1.7222423583423947,6.438709677419355,1.609356014580802,16.02,8.96078431372549
,89,Sat Nov 08 2025 18:00:00 GMT-0600 (Central Standard Time),1.04q,12913,,31.82q,Module levels,,,35.78S,Module levels,9.55M,Module levels,,,,4.188312995851959,6.843010752688172,1.609356014580802,17.89,9.362745098039216
,92,Tue Nov 11 2025 18:00:00 GMT-0600 (Central Standard Time),1.18q,14123,Milestone 5 Pack,21.79q,Myth OA > Anc OA,66.22T,Myth OA > Anc OA,37.69S,,9.96M,GB Bonus,,,,4.7521243606781844,4.686021505376344,1.341028756581612,18.845,9.764705882352942
,95,Fri Nov 14 2025 18:00:00 GMT-0600 (Central Standard Time),1.29q,14948,Milestone 6 Pack,22.27q,,68.8T,,45.56S,Relics,10.86M,,,,,5.195119004470219,4.789247311827957,1.3932766302146617,22.78,10.647058823529411
,108,Thu Nov 27 2025 18:00:00 GMT-0600 (Central Standard Time),1.81q,16698,,25.65q,,71.4T,,49.65S,,6.04M,Bot Respec for FB,15200,,,7.289275502396198,5.516129032258065,1.4459295261239369,24.825,5.921568627450981
,113,Tue Dec 02 2025 18:00:00 GMT-0600 (Central Standard Time),1.87q,17343,Assmods Milestone Push,27.98q,,71.87T,,56.84S,,8.25M,,16800,,,7.5309089444645805,6.017204301075269,1.4554475496152288,28.42,8.088235294117647
,114,Wed Dec 03 2025 18:00:00 GMT-0600 (Central Standard Time),1.9q,17343,,27.98q,,71.87T,,,,17.14M,Bot respec back to GB,17190,,,7.6517256654987715,6.017204301075269,1.4554475496152288,28.42,16.80392156862745
,120,Tue Dec 09 2025 18:00:00 GMT-0600 (Central Standard Time),2.42q,17608,aGen 10%,28.71q,,75.96T,WRegen lvl 21,83.1S,,18.59M,,,,,9.745882163424751,6.174193548387096,1.5382746051032807,41.55,18.225490196078432
,127,Tue Dec 16 2025 18:00:00 GMT-0600 (Central Standard Time),3q,18053,,30.48q,,79.23T,,95.3S,,19.46M,,,,,12.081672103419113,6.554838709677419,1.6044957472660997,47.65,19.07843137254902
,132,Sun Dec 21 2025 18:00:00 GMT-0600 (Central Standard Time),3.57q,18553,,31.56q,,79.23T,,128.53S,,25.53M,15% die in GB fix,,,,14.377189803068745,6.787096774193548,1.6044957472660997,64.265,25.029411764705884
,133,Mon Dec 22 2025 18:00:00 GMT-0600 (Central Standard Time),3.68q,19253,Xmas Pack,31.56q,,79.23T,,155.66S,,30.86M,Swap to T14,17590,,,14.820184446860779,6.787096774193548,1.6044957472660997,77.83,30.254901960784313
,-45881,,,,,,,,,,,,,,,,14.820184446860779,6.787096774193548,1.6044957472660997,77.83,30.254901960784313
,-45881,,,,,,,,,,,,,,,,14.820184446860779,6.787096774193548,1.6044957472660997,77.83,30.254901960784313
,-45881,,,,,,,,,,,,,,,,14.820184446860779,6.787096774193548,1.6044957472660997,77.83,30.254901960784313
,-45881,,,,,,,,,,,,,,,,14.820184446860779,6.787096774193548,1.6044957472660997,77.83,30.254901960784313
,-45881,,,,,,,,,,,,,,,,14.820184446860779,6.787096774193548,1.6044957472660997,77.83,30.254901960784313
,-45881,,,,,,,,,,,,,,,,14.820184446860779,6.787096774193548,1.6044957472660997,77.83,30.254901960784313
,-45881,,,,,,,,,,,,,,,,14.820184446860779,6.787096774193548,1.6044957472660997,77.83,30.254901960784313
,-45881,,,,,,,,,,,,,,,,14.820184446860779,6.787096774193548,1.6044957472660997,77.83,30.254901960784313
,-45881,,,,,,,,,,,,,,,,14.820184446860779,6.787096774193548,1.6044957472660997,77.83,30.254901960784313
,-45881,,,,,,,,,,,,,,,,14.820184446860779,6.787096774193548,1.6044957472660997,77.83,30.254901960784313
,-45881,,,,,,,,,,,,,,,,14.820184446860779,6.787096774193548,1.6044957472660997,77.83,30.254901960784313
,-45881,,,,,,,,,,,,,,,,14.820184446860779,6.787096774193548,1.6044957472660997,77.83,30.254901960784313
,-45881,,,,,,,,,,,,,,,,14.820184446860779,6.787096774193548,1.6044957472660997,77.83,30.254901960784313
,-45881,,,,,,,,,,,,,,,,14.820184446860779,6.787096774193548,1.6044957472660997,77.83,30.254901960784313
,-45881,,,,,,,,,,,,,,,,14.820184446860779,6.787096774193548,1.6044957472660997,77.83,30.254901960784313
,-45881,,,,,,,,,,,,,,,,14.820184446860779,6.787096774193548,1.6044957472660997,77.83,30.254901960784313
,-45881,,,,,,,,,,,,,,,,14.820184446860779,6.787096774193548,1.6044957472660997,77.83,30.254901960784313
,-45881,,,,,,,,,,,,,,,,14.820184446860779,6.787096774193548,1.6044957472660997,77.83,30.254901960784313
,-45881,,,,,,,,,,,,,,,,14.820184446860779,6.787096774193548,1.6044957472660997,77.83,30.254901960784313
,-45881,,,,,,,,,,,,,,,,14.820184446860779,6.787096774193548,1.6044957472660997,77.83,30.254901960784313
,-45881,,,,,,,,,,,,,,,,14.820184446860779,6.787096774193548,1.6044957472660997,77.83,30.254901960784313
,-45881,,,,,,,,,,,,,,,,14.820184446860779,6.787096774193548,1.6044957472660997,77.83,30.254901960784313
,-45881,,,,,,,,,,,,,,,,14.820184446860779,6.787096774193548,1.6044957472660997,77.83,30.254901960784313
,-45881,,,,,,,,,,,,,,,,14.820184446860779,6.787096774193548,1.6044957472660997,77.83,30.254901960784313
,-45881,,,,,,,,,,,,,,,,14.820184446860779,6.787096774193548,1.6044957472660997,77.83,30.254901960784313
,-45881,,,,,,,,,,,,,,,,14.820184446860779,6.787096774193548,1.6044957472660997,77.83,30.254901960784313
,-45881,,,,,,,,,,,,,,,,14.820184446860779,6.787096774193548,1.6044957472660997,77.83,30.254901960784313
,-45881,,,,,,,,,,,,,,,,14.820184446860779,6.787096774193548,1.6044957472660997,77.83,30.254901960784313
,-45881,,,,,,,,,,,,,,,,14.820184446860779,6.787096774193548,1.6044957472660997,77.83,30.254901960784313
,-45881,,,,,,,,,,,,,,,,14.820184446860779,6.787096774193548,1.6044957472660997,77.83,30.254901960784313
,-45881,,,,,,,,,,,,,,,,14.820184446860779,6.787096774193548,1.6044957472660997,77.83,30.254901960784313
,-45881,,,,,,,,,,,,,,,,14.820184446860779,6.787096774193548,1.6044957472660997,77.83,30.254901960784313
,-45881,,,,,,,,,,,,,,,,14.820184446860779,6.787096774193548,1.6044957472660997,77.83,30.254901960784313
,-45881,,,,,,,,,,,,,,,,14.820184446860779,6.787096774193548,1.6044957472660997,77.83,30.254901960784313
,-45881,,,,,,,,,,,,,,,,14.820184446860779,6.787096774193548,1.6044957472660997,77.83,30.254901960784313
,-45881,,,,,,,,,,,,,,,,14.820184446860779,6.787096774193548,1.6044957472660997,77.83,30.254901960784313
,-45881,,,,,,,,,,,,,,,,14.820184446860779,6.787096774193548,1.6044957472660997,77.83,30.254901960784313
,-45881,,,,,,,,,,,,,,,,14.820184446860779,6.787096774193548,1.6044957472660997,77.83,30.254901960784313
,-45881,,,,,,,,,,,,,,,,14.820184446860779,6.787096774193548,1.6044957472660997,77.83,30.254901960784313
,-45881,,,,,,,,,,,,,,,,14.820184446860779,6.787096774193548,1.6044957472660997,77.83,30.254901960784313
,-45881,,,,,,,,,,,,,,,,14.820184446860779,6.787096774193548,1.6044957472660997,77.83,30.254901960784313
,-45881,,,,,,,,,,,,,,,,14.820184446860779,6.787096774193548,1.6044957472660997,77.83,30.254901960784313
,-45881,,,,,,,,,,,,,,,,14.820184446860779,6.787096774193548,1.6044957472660997,77.83,30.254901960784313
,-45881,,,,,,,,,,,,,,,,14.820184446860779,6.787096774193548,1.6044957472660997,77.83,30.254901960784313
,-45881,,,,,,,,,,,,,,,,14.820184446860779,6.787096774193548,1.6044957472660997,77.83,30.254901960784313
,-45881,,,,,,,,,,,,,,,,14.820184446860779,6.787096774193548,1.6044957472660997,77.83,30.254901960784313
,-45881,,,,,,,,,,,,,,,,14.820184446860779,6.787096774193548,1.6044957472660997,77.83,30.254901960784313
,-45881,,,,,,,,,,,,,,,,14.820184446860779,6.787096774193548,1.6044957472660997,77.83,30.254901960784313
,-45881,,,,,,,,,,,,,,,,14.820184446860779,6.787096774193548,1.6044957472660997,77.83,30.254901960784313
,,,,,,,,,,,,,,,,,14.820184446860779,6.787096774193548,1.6044957472660997,77.83,30.254901960784313
,,,,,,,,,,,,,,,,,14.820184446860779,6.787096774193548,1.6044957472660997,77.83,30.254901960784313
,,,,,,,,,,,,,,,,,14.820184446860779,6.787096774193548,1.6044957472660997,77.83,30.254901960784313
,,,,,,,,,,,,,,,,,14.820184446860779,6.787096774193548,1.6044957472660997,77.83,30.254901960784313
,,,,,,,,,,,,,,,,,14.820184446860779,6.787096774193548,1.6044957472660997,77.83,30.254901960784313
,,,,,,,,,,,,,,,,,14.820184446860779,6.787096774193548,1.6044957472660997,77.83,30.254901960784313
,,,,,,,,,,,,,,,,,14.820184446860779,6.787096774193548,1.6044957472660997,77.83,30.254901960784313
,,,,,,,,,,,,,,,,,14.820184446860779,6.787096774193548,1.6044957472660997,77.83,30.254901960784313
,,,,,,,,,,,,,,,,,14.820184446860779,6.787096774193548,1.6044957472660997,77.83,30.254901960784313
,,,,,,,,,,,,,,,,,14.820184446860779,6.787096774193548,1.6044957472660997,77.83,30.254901960784313
,,,,,,,,,,,,,,,,,14.820184446860779,6.787096774193548,1.6044957472660997,77.83,30.254901960784313
,,,,,,,,,,,,,,,,,14.820184446860779,6.787096774193548,1.6044957472660997,77.83,30.254901960784313
,,,,,,,,,,,,,,,,,14.820184446860779,6.787096774193548,1.6044957472660997,77.83,30.254901960784313
,,,,,,,,,,,,,,,,,14.820184446860779,6.787096774193548,1.6044957472660997,77.83,30.254901960784313
,,,,,,,,,,,,,,,,,14.820184446860779,6.787096774193548,1.6044957472660997,77.83,30.254901960784313
,,,,,,,,,,,,,,,,,14.820184446860779,6.787096774193548,1.6044957472660997,77.83,30.254901960784313